food_id,N_0,N_1,N_2,N_3,N_4,N_5,N_6,N_7,N_8,N_9,N_10,N_11,N_12,N_13,N_14,N_15,N_16,N_17,N_18,N_19,N_20,N_21,N_22,N_23,N_24,N_25,N_26,N_27,N_28,N_29,N_30,N_31,N_32,N_33,N_34,N_35,N_36,N_37,N_38,N_39,N_40,N_41,N_42,N_43,N_44,N_45,N_46,N_47,N_48,N_49,N_50,N_51,N_52,N_53,N_54,N_55,N_56,N_57,N_58,N_59,N_60,N_61,N_62,N_63,N_64,N_65,N_66,N_67,N_68,N_69,N_70,N_71,N_72,N_73,N_74,N_75,N_76,N_77,N_78,N_79,N_80,N_81,N_82,N_83,N_84,N_85,N_86,N_87,N_88,N_89,N_90,N_91,N_92,N_93,N_94,N_95,N_96,N_97,N_98,N_99,N_100,N_101,N_102,N_103,N_104,N_105,N_106,N_107,N_108,N_109,N_110,N_111,N_112,N_113,N_114,N_115,N_116,N_117,N_118,N_119,N_120,N_121,N_122,N_123,N_124,N_125,N_126,N_127,N_128,N_129,N_130,N_131,N_132,N_133,N_134,N_135,N_136,N_137,N_138,N_139,N_140,N_141,N_142,N_143,N_144,N_145,N_146,N_147,N_148,N_149,N_150,N_151,N_152,N_153,N_154,N_155,N_156,N_157,N_158,N_159,N_160,N_161,N_162,N_163,N_164,N_165,N_166,N_167,N_168,N_169,N_170,N_171,N_172,N_173,N_174,N_175,N_176,N_177,N_178,N_179,N_180,N_181,N_182,N_183,N_184,N_185,N_186,N_187,N_188,N_189,N_190,N_191,N_192,N_193,N_194,N_195,N_196,N_197,N_198,N_199,N_200,N_201,N_202,N_203,N_204,N_205,N_206,N_207,N_208,N_209,N_210,N_211
food_2,,,,,,,0.89,,,,,,,,41.0,,,17.51,,,,,0.0,,,,,,,,,,,0.077,,,,,,,,,187.5,,,,,,0.004,0.087,0.048,0.0,,,,,,1.5,,23.0,23.0,23.0,0.0,,,,,,,,,,,,0.8,,,,,,,,22.0,,,0.233,,,,,,,,,0.004,,,,,,,0.4,,,0.32299999999999995,,61.0,,,,,290.0,,1.4,0.075,,,,,0.013,,,,,,,,,,,,,,,,,,,,,,,,,,0.0,0.03,0.7,,,,,,0.003,,0.041,,0.002,,,,,,,,50.0,,,,8.73,,,,,,,,0.04,,,,,,,,,,,0.2,,,,,6.0,0.0,0.0,,0.241,5.0,0.0,0.0,,,,,,,,,80.0,,0.33
food_9,,,,0.124,0.0,0.097,0.9,0.425,,,,,,0.0,13.0,,,5.2,,0.0,12.0,,0.0,,,,,,0.0,,,,,0.19,,0.0,,0.022,,,,,71.0,,,,,,0.006999999999999999,0.134,0.069,0.0,,,,,,2.2,,7.0,7.0,7.0,0.0,,,,,,0.248,0.087,,0.042,,,0.5,0.08800000000000001,,0.14,,0.0,0.0,0.134,3.0,,,0.262,0.03,,,,0.0,,,,0.006999999999999999,,0.0,,0.0,,,0.6,,,0.161,0.09,59.0,,,19.0,,533.0,0.219,2.6,0.114,,,,,0.02,,,,,0.0,,,,,,,0.0,,,0.0,,,,,,0.0,,0.0,,,0.0,0.07,0.8,0.127,0.0,,0.002,,0.002,,0.051,,0.006,,,,,0.0,0.0,0.0,4.0,,,,3.0,,,,,,,0.0,0.15,0.086,,,,,,,,,,0.3,,0.027000000000000003,,0.106,20.0,1.0,0.0,0.0,0.24,4.0,0.0,0.0,,,,1.0,0.0,,,0.0,91.0,,1.1
food_17,,,,0.038,0.0,0.13699999999999998,0.62,0.079,,,0.4,,,0.0,16.0,,,38.06,,0.0,8.0,,0.0,,,,,,23.7,,,,,0.1,,0.0,,0.028,,,,,413.5,,,,,,0.075,0.048,0.07400000000000001,0.0,,,,,,1.8,,27.0,27.0,27.0,0.0,,,,,,0.206,0.028,,0.02,,,0.27,0.027000000000000003,,0.039,,0.0,0.0,0.044,21.0,,,0.384,0.011,,,,0.0,,,,0.075,,0.0,,0.0,,,0.8540000000000001,,,0.107,0.026,27.0,,,,,271.0,0.033,1.36,0.032,,,,,0.017,,,,,0.0,,,,,,,0.0,,,0.0,,,,,,0.0,,0.0,,,0.0,0.048,0.7,0.033,0.0,,0.001,,0.0,,0.069,,0.005,,,,,0.0,0.0,0.0,14.0,,,,1.7,,,,,,,0.0,0.087,0.028,,,,,,,,,,0.28,,0.019,0.017,0.035,13.0,1.0,0.0,0.0,0.08800000000000001,20.6,0.0,0.0,,,,0.19,0.0,,,1.9,59.68,,0.34
food_30,,,,,0.0,,1.8,,,,,,,0.0,187.0,,,9.2,,363.0,5854.0,,0.0,,,,,,35.3,,,,,0.171,,121.0,,,,,,,116.5,,,,,,0.014,0.306,0.17,0.0,,,,,,3.5,,27.0,27.0,27.0,0.0,,,,,,,,,,,,3.1,,,,,13610.0,0.0,,36.0,,,0.342,,,,,0.0,,,,0.014,,0.0,,0.0,,,0.8059999999999999,,,0.084,,66.0,,,,,397.0,,2.7,0.261,,,,,0.044,,,,,0.0,,,,,,,0.0,,,0.0,,,,,,0.0,,0.0,,,0.0,0.26,0.5,,0.0,,0.0,,0.009000000000000001,,0.145,,0.006999999999999999,,,,,0.0,0.0,0.0,76.0,,,,0.71,,,,,,,0.0,0.19,,,,,,,,,,,0.7,,,,,10161.0,508.0,0.0,0.0,0.251,35.0,0.0,0.0,,,,3.44,0.0,,,778.4,85.6,,0.41
food_37,,,,0.031,0.0,0.043,0.77,0.208,,,,,,0.0,16.0,,,17.77,,0.0,0.0,,0.0,,,,,,28.8,,,,,0.226,,0.0,,0.008,,,,,206.5,,,,,,0.154,0.154,0.203,0.0,,,,,,2.0,,11.0,11.0,11.0,0.0,,,,,,0.162,0.043,,0.03,,,0.6,0.051,,0.07400000000000001,,0.0,0.0,0.057,43.0,,,0.229,0.013,,,,0.021,,,,0.119,,0.006999999999999999,,0.0,,,0.75,,,0.203,0.045,34.0,,,15.0,,415.0,0.041,1.82,0.12,,,,,0.034,,,,,0.0,,,,,,,0.0,,,0.0,,,,,,0.0,,0.0,,,0.0,0.034,0.7,0.045,0.0,,0.039,,0.018000000000000002,,0.12,,0.017,,,,,0.0,0.0,0.006999999999999999,13.0,,,,1.7,,,,,,,0.0,0.025,0.036000000000000004,,,,,,,,,,0.75,,0.012,0.02,0.073,0.0,0.0,0.0,0.0,0.16,5.0,0.0,0.0,,,,0.26,0.0,,,0.1,78.89,,0.34
food_42,,,,,0.0,,0.52,,,,,,,0.0,62.0,,,15.9,,155.0,0.0,,0.0,,,,,,8.4,,,,,0.095,,193.0,,,,,,,183.5,,,,,,0.154,0.171,0.103,0.0,,,,,,6.5,,17.0,17.0,17.0,0.0,,,,,,,,,,,,0.86,,,,,129.0,0.0,,20.0,,,0.135,,,,,0.021,,,,0.13699999999999998,,0.0,,0.0,,,0.429,,,0.208,,19.0,,,,,186.0,,1.88,0.124,,,,,0.047,,,,,0.0,,,,,,,0.0,,,0.0,,,,,,0.0,,0.0,,,0.0,0.09,0.0,,0.0,,0.0,,0.004,,0.09,,0.004,,,,,0.0,0.0,0.0,10.0,,,,9.36,,,,,,,0.0,0.037000000000000005,,,,,,,,,,,0.86,,,,,290.0,15.0,0.0,0.0,0.036000000000000004,43.9,0.0,0.0,,,,0.15,0.0,,,0.0,80.85,,0.17
food_44,,,,,0.0,,,,,,,,,0.0,26.0,,,9.32,,1.0,3.0,,0.0,,,,,,5.1,,,,,0.037000000000000005,,20.0,,,,,,,29.0,,,,,,0.011,0.08900000000000001,0.039,,,,,,,2.8,,11.0,11.0,11.0,0.0,,,,,,,,,,,,0.6,,,,,11.0,0.0,,8.0,,,,,,,,0.001,,,,0.01,,0.0,,0.0,,,0.1,,,,,16.0,,,,,138.0,,1.1,0.063,,,,,0.026,,,,,0.0,,,,,,,0.0,,,0.0,,,,,,0.0,,0.0,,,0.0,0.02,0.4,,0.0,,0.0,,0.001,,0.035,,0.002,,,,,0.0,0.0,0.0,2.0,,,,2.5,,,,,,,0.0,0.04,,,,,,,,,,,0.3,,,,,,1.0,0.0,0.0,0.08,53.0,0.0,,,,,0.15,0.0,,,0.0,88.98,,0.06
food_45,,,,1.055,,2.125,3.225,2.25,,,,32.55,,,206.5,,,,,,,,,,,,,,,,,,,1.2825000000000002,,,0.565,,19.0,27.3875,,,,,,,,,6.62,26.79,3.465,,,,,,,21.55,,,,41.1,,,,0.0,1.95,,4.725,1.3250000000000002,25.125,0.49,0.185,,5.755,0.905,,1.33,,,,0.9,338.5,,,2.355,0.395,,,,,,,,,6.4205000000000005,,0.158,,,,3.5,3.285,,,1.08,517.0,,,,,736.5,0.85,,,,,,5.488,,,21.298,,,,,,,,,,,,,,,,,,,,,,,,,,97.8,1.1,,,,,,,2.0125,,1.2745000000000002,,,,,,,,32.6,,,,,,,,,,,,0.4845,0.905,,,,,,,,,,41.435,,0.3,0.565,1.105,,,,,0.3785,,,,,,,0.0,,,,,6.6099999999999985,,4.4925
food_56,,,,,0.0,,,,,,,,,0.0,88.0,,,6.04,,0.0,198.0,,0.0,,,,,,10.3,,,,,0.251,,0.0,,,,,,,116.0,,,,,,7.652,0.629,2.279,,,,,,,1.6,,0.0,0.0,0.0,0.0,,,,,,,,,,,,6.28,,,,,510.0,0.0,,4.0,,,,,,,,0.15,,,,7.47,,0.032,,0.0,,,0.037000000000000005,,,,,3.0,,,,,8.0,,0.84,0.629,,,,,0.0,,,,,0.0,,,,,,,0.0,,,0.0,,,,,,0.0,,0.0,,,0.0,0.0,0.9,,0.0,,0.0,,0.0,,1.73,,0.318,,,,,0.0,0.0,0.0,735.0,,,,0.0,,,,,,,0.0,0.003,,,,,,,,,,,10.9,,,,,,17.0,0.0,0.0,0.009000000000000001,0.9,0.0,,,,,1.65,0.0,,,1.4,79.99,,0.22
food_63,,,,,0.0,,,,,,,,,0.0,16.0,,,13.08,,0.0,17.0,,0.0,,,,,,55.8,,,,,1.324,,0.0,,,,,,,673.0,,,,,,18.764,34.071,4.899,,,,,,,3.7,,34.0,34.0,34.0,0.0,,,,,,,,,,,,5.53,,,,,9.0,0.0,,251.0,,,,,,,,0.017,,,,17.947,,0.8009999999999999,,0.0,,,4.387,,,,,575.0,,,,,597.0,,13.69,33.15,,,,,0.16399999999999998,,,,,0.0,,,,,,,0.0,,,0.0,,,,,,0.0,,0.0,,,0.0,0.227,0.7,,0.0,,0.0,,0.0,,3.212,,1.39,,,,,0.0,0.0,0.0,2.0,,,,3.59,,,,,,,0.0,0.364,,,,,,,,,,,68.37,,,,,,1.0,0.0,0.0,0.094,0.8,0.0,,,,,9.33,0.0,,,53.9,2.28,,6.45
food_74,,,,,0.0,,,,,,,,,0.0,20.0,,,59.09,,0.0,0.0,,2.0,,,,,,17.6,,,,,0.221,,0.0,,,,,,,426.0,,,,,,7.997000000000001,3.971,5.357,,,,,,,5.6,,23.0,23.0,23.0,0.0,,,,,,,,,,,,1.91,,,,,116.0,0.0,,72.0,,,,,,,,0.027000000000000003,,,,7.802,,0.168,,0.0,,,2.631,,,,,191.0,,,,,193.0,,7.14,2.802,,,,,1.167,,,,,0.0,,,,,,,0.0,,,0.001,,,,,,0.0,,0.001,,,0.0,0.091,33.1,,0.0,,0.0,,0.001,,3.435,,1.32,,,,,0.0,0.0,0.0,571.0,,,,21.43,,,,,,,0.0,0.264,,,,,,,,,,,17.86,,,,,,0.0,0.02,0.0,0.21600000000000005,0.0,0.0,,,,,3.28,0.0,,,12.8,13.6,,1.38
food_80,,,,,0.0,,,,,,,,,0.0,30.0,,,6.43,,0.0,0.0,,0.0,,,,,,11.1,,,,,0.085,,0.0,,,,,,,28.0,,,,,,0.006,0.053,0.011,,,,,,,1.8,,15.0,15.0,15.0,0.0,,,,,,,,,,,,0.3,,,,,0.0,0.0,,11.0,,,,,,,,0.001,,,,0.006,,0.0,,0.0,,,0.4,,,,,27.0,,,,,191.0,,0.9,0.012,,,,,0.04,,,,,0.0,,,,,,,0.0,,,0.0,,,,,,0.0,,0.0,,,0.0,0.03,0.7,,0.0,,0.0,,0.0,,0.01,,0.001,,,,,0.0,0.0,0.0,67.0,,,,3.8,,,,,,,0.0,0.04,,,,,,,,,,,0.1,,,,,,0.0,0.0,0.0,0.09,21.0,0.0,,,,,0.03,0.0,,,0.1,91.87,,0.27
food_84,,,,0.017,0.0,0.059,0.25,0.039,,,0.3,,,0.0,7.0,,,7.55,,0.0,303.0,,0.0,,,,,,4.1,,,,,0.042,,78.0,,0.002,,,,,78.5,,,,,,0.037000000000000005,0.05,0.016,0.0,,,,,,0.4,1.5,3.0,3.0,3.0,0.0,3.36,0.0,,,1.58,0.063,0.01,,0.006,,,0.24,0.019,0.0,0.018000000000000002,,8.0,4532.0,0.062,10.0,,0.06,0.038,0.006,,,,0.0,,,,0.037000000000000005,,0.0,,0.0,,,0.17800000000000002,,,0.221,0.015,11.0,,,2.0,,112.0,0.024,0.61,0.05,,,,,0.0,,,,,0.0,,,,,,,0.0,,,0.0,,,,,,0.0,,0.0,,,0.0,0.021,0.4,0.016,0.001,,0.001,,0.0,,0.008,,0.006,,,,,0.0,0.0,0.0,1.0,0.0,,1.21,6.2,,,,,,,0.0,0.033,0.027000000000000003,0.0,0.0,0.0,0.01,0.0,0.0,0.0,,,0.15,,0.006999999999999999,0.012,0.016,569.0,28.0,0.0,0.0,0.045,8.1,0.0,0.0,,,,0.05,0.0,0.0,,0.1,91.45,,0.1
food_105,,,,,0.0,,1.8,,,4.0,,,,,65.0,,1.0,25.31,,0.0,3.0,,0.0,,,,,,,,,,,0.266,,0.0,,,,,,,256.5,,,,,,0.054000000000000006,0.17,0.119,0.0,,,,,,,,75.0,75.0,75.0,0.0,,,,,,,,,,,,8.17,,,,,,,,60.0,,,5.224,,,,,0.012,,,,0.042,,,,,,,1.101,,,0.05,,101.0,,,6.0,,723.0,,1.82,0.138,,,,,0.031,,,,,,,,,,,,,,,,,,,,,,,,,,0.0,0.135,0.7,,,,,,0.002,,0.083,,0.012,0.005,,0.009000000000000001,,,,,6.0,,1.0,,,,,,,,,,0.065,,,,,,,,,,,0.49,,,,,6.0,0.0,0.0,,0.08,2.6,0.0,0.0,,,,,,,,,70.58,,2.23
food_111,,,,0.584,0.0,0.13,2.27,0.503,,,,,,0.0,348.0,,,88.88,,0.0,8.0,,0.0,,,,,,11.9,,,,,0.5710000000000001,,0.0,,0.029,,,,,575.5,,,,,,0.197,0.21600000000000005,0.09,0.0,,,,,,39.8,,29.0,29.0,29.0,0.0,,,,,,0.362,0.267,,0.122,,,2.94,0.209,,0.442,,0.0,0.0,0.196,54.0,,,0.508,0.081,,,,0.004,,,,0.194,,0.0,,0.0,,,1.897,,,0.047,0.151,79.0,,,,,827.0,0.354,4.62,0.212,,,,,0.004,,,,,0.0,,,,,,,0.0,,,0.0,,,,,,0.0,,0.0,,,0.0,0.461,5.3,0.304,0.0,,0.0,,0.001,,0.07200000000000001,,0.014,,,,,0.0,0.0,0.0,35.0,,,,49.08,,,,,,,0.0,0.053,0.271,,,,,,,,,,0.65,,0.048,0.12,0.446,14.0,1.0,0.0,0.0,0.366,0.2,0.0,0.0,,,,0.63,0.0,,,0.0,3.58,,0.92
food_117,,,,0.307,0.0,0.348,1.9,0.413,,,,,,,47.0,,,57.9,,,,,9.0,,,,,,,,,,,0.147,,,,0.221,,,,,754.5,,,,,,0.195,0.61,0.263,,,,,,,1.8,,134.0,17.0,86.0,69.0,,,,,,3.384,0.336,,0.209,,,3.36,0.369,,0.684,,,,0.204,20.0,,,0.638,0.17600000000000002,,,,0.01,,,,0.183,,0.001,,0.0,,,5.424,,,0.025,0.486,81.0,,,,,82.0,1.134,9.8,0.5710000000000001,,,,,0.035,,,,,0.0,,,,,,,0.003,,,0.0,,,,,,0.0,,0.001,,,4.0,0.378,28.2,0.483,0.0,,0.0,,0.002,,0.223,,0.025,,,,,0.0,0.0,0.0,572.0,,,,,,,,,,,,0.519,0.268,,,,,,,,,,1.5,,0.114,0.273,0.417,14.0,4.0,0.02,,0.03,0.0,,,,,,,,,,,28.8,,0.71
food_123,,,,0.024,0.0,0.106,1.27,0.041,,,,,,0.0,417.0,,,16.23,,0.0,22.0,,0.0,,,,,,,,,,,0.138,,0.0,,0.008,,,,,177.0,,,,,,,,,,,,,,,6.6,,7.0,7.0,7.0,0.0,0.98,0.0,,,1.19,0.052000000000000005,0.019,,0.008,,,1.8,0.014,0.0,0.025,,,0.0,0.028,55.0,,0.0,0.094,0.009000000000000001,,,,,,,,,,,,,,,0.162,,,0.041,0.019,7.0,,,,,127.0,0.013,0.52,,,,,,,,,,,,,,,,,,,,,,,,,,,,,,,,0.0,0.039,0.4,0.021,,,,,,,,,,,,,,,,,14.0,0.24,,0.41,2.58,,,,,,,0.0,0.029,0.014,0.0,0.0,0.0,0.0,0.0,0.0,0.0,,,0.15,,0.008,0.009000000000000001,0.022,37.0,2.0,0.0,0.0,0.055,4.0,0.0,0.0,,,,0.23,0.0,0.0,,5.3,81.83,,0.15
food_135,,,,,,,0.4,,,,,,,,15.0,,,23.9,,0.0,230.0,,,,,,,,,,,,,1.06,,,,,,,,,286.5,,,,,,,,0.245,0.0,,,,,,6.2,,,,,,0.5,0.0,,,1.1,,,,,,,2.2,,0.0,,,,,,32.0,,0.0,0.155,,,,,,,,,,,,,,,,,,,,,52.0,,,,,131.0,,2.3,,,,,,,,,,,,,,,,,,,,,,,,,,,,,,,,0.0,,,,,,,,,,,,,,,,,,,,4.0,,,12.5,14.1,,,,,,,,,,,,,,,,,,,2.0,,,,,383.0,19.0,,,,25.8,,,,,,,,,,,71.4,,0.43
food_149,,,,0.45,,0.47,0.72,0.83,,,,,,,14.0,,,9.22,,,,,20.0,,,,,,,,,,,0.03,,,,0.09,,,,,247.0,,,,,,1.68,0.297,1.28,,,,,,,0.7,,44.0,18.0,33.0,15.0,0.0,0.0,,,0.0,1.51,0.42,,0.23,,,1.0,0.35,0.0,0.62,,,,0.58,12.0,,0.19,0.14,0.16,0.02,,0.0,0.11,,0.03,,1.51,,0.01,,0.0,,0.0,2.14,,,0.212,0.33,62.0,,,,,110.0,0.46,6.81,0.26,,,,,0.01,,,,,0.02,,0.006999999999999999,0.0,,,,0.0,,,0.0,,0.0,,0.0,,0.0,,0.0,,,0.0,0.125,8.3,0.33,0.0,,0.0,,0.09,0.01,0.75,0.04,0.39,0.0,,0.0,0.0,,,0.0,130.0,6.57,,0.16,0.34,,,,,,,,0.175,0.36,0.12,0.05,0.23,0.02,0.0,0.0,0.0,,,3.47,,0.04,0.25,0.39,0.0,0.0,0.68,0.0,0.055,0.0,,,,,,0.3,0.0,0.0,0.9,0.0,79.78,,1.6
food_154,,,,,0.0,,,,,,,,,0.0,8.0,,,11.3,,0.0,0.0,,0.0,,,,,,1.8,,,,,0.012,,0.0,,,,,,,46.0,,,,,,0.006,0.039,0.022,,,,,,,0.2,,0.0,0.0,0.0,0.0,,,,,,,,,,,,0.12,,,,,16.0,0.0,,5.0,,,,,,,,0.0,,,,0.005,,0.0,,0.0,,,0.073,,,,,7.0,,,,,101.0,,0.1,0.033,,,,,0.006999999999999999,,,,,0.0,,,,,,,0.0,,,0.0,,,,,,0.0,,0.0,,,0.0,0.017,0.1,,0.0,,0.0,,0.001,,0.018000000000000002,,0.002,,,,,0.0,0.0,0.0,4.0,,,,9.62,,,,,,,0.0,0.021,,,,,,,,,,,0.13,,,,,,0.0,0.0,0.0,0.018000000000000002,0.9,0.0,,,,,0.01,0.0,,,0.0,88.24,,0.02
food_159,,,,,0.0,,,,,,,,,0.0,26.0,,,3.69,,0.0,0.0,,28.0,,,,,,65.0,,,,,0.094,,0.0,,,,,,,86.0,,,,,,0.507,0.606,0.425,,,,,,,0.0,,42.0,42.0,42.0,0.0,,,,,,,,,,,,3.95,,,,,0.0,0.0,,34.0,,,,,,,,0.138,,,,0.205,,0.138,,0.026,,,1.6,,,,,197.0,,,,,320.0,,11.9,0.018000000000000002,,,,,0.02,,,,,0.035,,,,,,,0.07,,,0.188,,,,,,0.022,,0.253,,,48.0,0.21,44.8,,0.0,,0.0,,0.059,,0.294,,0.068,,,,,0.0,0.0,0.0,286.0,,,,0.0,,,,,,,0.0,0.16,,,,,,,,,,,2.24,,,,,,48.0,12.0,0.0,0.05,8.0,0.0,,,,,0.55,0.0,,,0.1,80.58,,1.6
food_165,,,,,0.0,,,,,,,,,0.0,22.0,,,0.0,,0.0,0.0,,50.0,,,,,,51.5,,,,,0.038,,0.0,,,,,,,164.0,,,,,,2.5860000000000003,1.137,3.509,,,,,,,0.0,,15.0,15.0,15.0,0.0,,,,,,,,,,,,0.6,,,,,0.0,0.0,,27.0,,,,,,,,0.563,,,,2.023,,0.0,,0.0,,,3.0,,,,,195.0,,,,,381.0,,18.48,0.121,,,,,0.0,,,,,0.0,,,,,,,0.246,,,0.175,,,,,,0.202,,0.393,,,40.0,0.12,36.5,,0.0,,0.0,,0.41,,2.217,,0.8240000000000001,,,,,0.0,0.0,0.0,65.0,,,,0.0,,,,,,,0.0,0.56,,,,,,,,,,,9.47,,,,,,40.0,1.3,0.0,0.2,0.0,11.0,,,,,0.18,0.0,,,0.1,71.12,,0.72
food_168,,,,,,,0.26,,,,,,,,7.0,,,6.84,,,,,0.0,,,,,,,,,,,,,,,,,,,,72.5,,,,,,,,,0.0,,,,,,,,,,,,,,,,,,,,,,,0.09,,,,,,,,6.0,,,,,,,,,,,,,,,,,,,0.27,,,,,10.0,,,,,38.0,,0.38,,,,,,,,,,,,,,,,,,,,,,,,,,,,,,,,0.0,0.036000000000000004,,,,,,,,,,,,,,,,,,,1.0,,,,,,,,,,,,0.017,,,,,,,,,,,0.22,,,,,830.0,42.0,0.0,,,6.0,,,,,,,,,,,92.3,,
food_172,,,,,0.0,,,,,,,,,0.0,232.0,,,0.0,,0.0,0.0,,85.0,,,,,,85.0,,,,,0.339,,0.0,,,,,,,210.0,,,,,,3.77,2.562,2.2030000000000003,,,,,,,0.0,,13.0,13.0,13.0,0.0,,,,,,,,,,,,4.63,,,,,0.0,0.0,,69.0,,,,,,,,0.59,,,,2.942,,0.009000000000000001,,0.163,,,19.903,,,,,252.0,,,,,544.0,,28.89,0.362,,,,,0.017,,,,,0.078,,,,,,,0.01,,,0.763,,,,,,0.041,,1.2919999999999998,,,12.0,0.363,68.1,,0.0,,0.02,,0.428,,1.3259999999999998,,0.42,,,,,0.0,0.0,0.0,3668.0,,,,0.0,,,,,,,0.0,0.078,,,,,,,,,,,9.71,,,,,,12.0,0.88,0.0,0.203,0.0,1.7,,,,,3.33,0.0,,,12.1,50.3,,2.44
food_178,,,,,0.0,,,,,,,,,0.0,10.0,,,0.0,,0.0,0.0,,69.0,,,,,,81.7,,,,,0.04,,0.0,,,,,,,150.0,,,,,,3.236,1.4069999999999998,1.6469999999999998,,,,,,,0.0,,10.0,10.0,10.0,0.0,,,,,,,,,,,,0.29,,,,,0.0,0.0,,22.0,,,,,,,,0.171,,,,2.93,,0.092,,0.004,,,2.25,,,,,231.0,,,,,323.0,,19.15,1.006,,,,,0.091,,,,,0.003,,,,,,,0.055,,,0.021,,,,,,0.019,,0.07200000000000001,,,0.0,0.094,10.3,,0.0,,0.003,,0.07,,1.181,,0.35700000000000004,,,,,0.0,0.0,0.0,433.0,,,,0.0,,,,,,,0.0,0.02,,,,,,,,,,,7.47,,,,,,0.0,3.08,0.0,0.155,0.0,0.3,,,,,1.02,0.0,,,2.6,72.84,,0.6
food_183,,,,,0.0,,,,,,,,,0.0,22.0,,,1.5,,0.0,0.0,,374.0,,,,,,335.4,,,,,0.1,,0.0,,,,,,,143.0,,,,,,1.661,2.656,1.456,,,,,,,0.0,,76.0,76.0,76.0,0.0,,,,,,,,,,,,0.6,,,,,193.0,0.0,,20.0,,,,,,,,0.374,,,,1.135,,0.111,,0.041,,,1.8,,,,,402.0,,,,,221.0,,22.32,0.029,,,,,0.006,,,,,0.012,,,,,,,0.181,,,0.983,,,,,,0.08199999999999999,,1.3630000000000002,,,81.0,0.74,40.3,,0.0,,0.0,,0.076,,1.275,,0.105,,,,,0.0,0.0,0.0,91.0,,,,0.0,,,,,,,0.0,0.24,,,,,,,,,,,6.42,,,,,,81.0,8.0,0.0,0.152,13.6,12.1,,,,,7.0,0.0,,,0.2,67.73,,1.0
food_184,,,,,0.0,,,,,,,,,0.0,60.0,,,9.85,,0.0,0.0,,79.0,,,,,,80.9,,,,,0.07,,1.0,,,,,,,255.0,,,,,,5.676,5.0680000000000005,2.439,,,,,,,0.6,,20.0,8.0,15.0,7.0,,,,,,,,,,,,1.56,,,,,48.0,0.0,,49.0,,,,,,,,0.266,,,,4.875,,0.265,,0.265,,,3.324,,,,,220.0,,,,,177.0,,20.9,3.612,,,,,0.496,,,,,0.026,,,,,,,0.11,,,0.27,,,,,,0.094,,0.455,,,66.0,0.14,37.5,,0.001,,0.0,,0.07200000000000001,,1.771,,0.527,,,,,0.0,0.0,0.0,399.0,,,,0.88,,,,,,,0.0,0.132,,,,,,,,,,,14.18,,,,,,66.0,1.26,0.0,0.337,0.0,0.7,,,,,1.98,0.0,,,11.4,53.22,,0.69
food_187,,,,,0.0,,1.0,,,,,,,0.0,0.0,,,2.1,,0.0,0.0,,0.0,,,,,,0.0,,,,,0.0,,0.0,,,,,,,28.5,,,,,,0.0,0.0,0.0,,,,,,,2.1,,0.0,0.0,0.0,0.0,,,,,,,,,,,,0.0,,,,,0.0,0.0,,0.0,,,,,,,,0.0,,,,0.0,,0.0,,0.0,,,0.0,,,,,0.0,,,,,0.0,,0.0,0.0,,,,,0.0,,,,,0.0,,,,,,,0.0,,,0.0,,,,,,0.0,,0.0,,,0.0,0.0,0.0,,0.0,,0.0,,0.0,,0.0,,0.0,,,,,0.0,0.0,0.0,0.0,,,,0.0,,,,,,,0.0,0.0,,,,,,,,,,,0.0,,,,,0.0,0.0,0.0,0.0,0.0,0.0,0.0,0.0,,,,0.0,0.0,,,0.0,96.9,,0.0
food_208,,,,,0.0,,,,,,,,,0.0,100.0,,,63.49,,3.0,3.0,,0.0,,,,,,29.9,,,,,0.113,,13.0,,,,,,,476.0,,,,,,6.935,5.495,7.105,,,,,,,6.7,,85.0,46.0,69.0,24.0,,,,,,,,,,,,1.64,,,,,106.0,3.0,,83.0,,,,,,,,0.028,,,,6.854,,0.043,,0.002,,,1.867,,,,,233.0,,,,,231.0,,6.41,5.182,,,,,0.284,,,,,0.0,,,,,,,0.0,,,0.0,,,,,,0.0,,0.0,,,0.0,0.08,4.8,,0.053,,0.342,,0.251,,5.53,,0.757,,,,,0.006,0.004,0.057,324.0,,,,1.5,,,,,,,0.0,0.21600000000000005,,,,,,,,,,,21.79,,,,,,1.0,0.0,0.0,0.203,0.0,0.0,,,,,0.69,0.0,,,8.6,6.4,,1.61
food_241,,,,,0.0,,7.62,,,,,,,0.0,931.0,,,44.24,,0.0,762.0,,0.0,,,,,,24.7,,,,,0.867,,0.0,,,,,,,971.0,,,,,,14.04,3.279,1.535,,,,,,,10.5,,10.0,10.0,10.0,0.0,,,,,,,,,,,,66.36,,,,,448.0,0.0,,366.0,,,3.333,,,,,0.212,,,,13.618,,0.212,,0.0,,,4.579,,,,,499.0,,,68.0,,1788.0,,17.81,3.103,,,,,0.17600000000000002,,,,,0.0,,,,,,,0.0,,,0.0,,,,,,0.0,,0.0,,,0.0,0.327,5.2,,0.018000000000000002,,0.018000000000000002,,0.018000000000000002,,1.137,,0.344,,,,,0.0,0.0,0.0,168.0,,,,2.25,,,,,,,0.0,0.628,,,,,,,,,,,22.27,,,,,1270.0,64.0,0.0,0.0,0.435,7.7,0.0,0.0,,,,3.33,0.0,,,5.4,8.06,,4.8
food_248,,,,,0.0,,0.78,,,,,,,,24.0,,,23.64,,,,,0.0,,,,,,,,,,,0.086,,,,,,,,,243.5,,,,,,0.114,0.04,0.048,0.0,,,,,,4.4,,14.0,14.0,14.0,0.0,,,,,,,,,,,,0.6,,,,,,,0.055,21.0,,,,0.006999999999999999,,,,0.0,,,,0.114,,0.0,,0.0,,,0.883,,,0.226,,32.0,,,,,247.0,,2.06,0.04,,,,,0.0,,,,,0.0,,,,,,,0.0,,,0.0,,,,,,0.0,,0.0,,,0.0,0.113,0.6,,0.0,,0.0,,0.0,,0.028,,0.02,,,,,0.0,0.0,0.0,9.0,,,,,,,,,,,,0.11,,,,,,,,,,,0.29,,0.01,,,6.0,0.0,0.0,,0.2,36.3,,,,,,,,,,,73.23,,0.1
food_263,,,,0.212,0.0,0.227,1.2,0.5489999999999999,,,,,,0.0,29.0,,,52.96,,0.0,14.0,,0.0,,,,,,1.5,,,,,0.507,,0.0,,0.101,,,,,635.0,,,,,,0.759,0.8690000000000001,0.414,,,,,,,5.1,,70.0,70.0,70.0,0.0,,,,,,0.41,0.16399999999999998,,0.08800000000000001,,,0.91,0.125,,0.188,,13.0,0.0,0.188,33.0,,,1.18,0.075,,,,0.021,,,,0.728,,0.01,,0.0,,,1.342,,,0.5539999999999999,0.134,107.0,,,,,592.0,0.16699999999999998,3.17,0.7759999999999999,,,,,0.093,,,,,0.0,,,,,,,0.0,,,0.0,,,,,,0.0,,0.0,,,0.0,0.175,1.2,0.159,0.0,,0.0,,0.01,,0.373,,0.021,,,,,0.0,0.0,0.0,2.0,,,,10.6,,,,,,,0.0,0.243,0.113,,,,,,,,,,2.2,,0.035,0.08800000000000001,0.17800000000000002,24.0,1.0,0.0,0.0,0.4970000000000001,26.0,0.0,0.0,,,,0.5,0.0,,,7.8,40.48,,0.57
food_264,,,,1.048,0.0,3.618,2.47,2.4330000000000003,,115.0,0.5,,,0.0,61.0,,5.0,9.58,,0.0,24.0,,0.0,,,,,,32.1,,,,,1.36,,0.0,,0.462,,,,,1604.5,,,,,,15.442,36.437,3.483,,,,,,,6.8,,31.0,31.0,31.0,0.0,0.05,,,,0.05,5.152,1.189,,0.672,,,3.12,0.966,0.0,1.6840000000000002,,9.0,0.0,0.713,201.0,,0.0,3.896,0.467,0.0,,0.0,0.042,,0.0,,15.128,,0.272,,0.0,,,0.47,,,1.66,1.094,513.0,,,,,523.0,0.926,24.06,33.76,,,,33.76,2.677,,2.677,0.0,,0.0,,0.0,0.0,,,,0.0,,,0.0,,,,,,0.0,,0.0,,,0.0,0.13,17.0,1.225,0.0,,0.0,,0.0,0.0,1.934,0.0,1.5490000000000002,0.0,,0.0,,0.0,0.0,0.0,2.0,0.24,1.0,1.0,1.1,,,,,,,0.0,0.057,0.721,0.01,1.51,28.78,0.0,0.0,0.0,0.7,,,59.33,,0.318,0.74,1.271,40.0,2.0,0.0,0.0,0.583,1.7,0.0,0.0,,,,2.08,0.0,,,2.7,4.56,,3.37
food_276,,,,0.923,0.0,1.039,1.08,1.845,,,,,,0.0,9.0,,,0.0,,0.0,0.0,,60.0,,,,,,,,,,,0.075,,0.0,,0.174,,,,,198.0,,,,,,0.239,0.109,0.015,,,,,,,0.0,,26.0,26.0,26.0,0.0,,,,,,2.673,0.6509999999999999,,0.338,,,1.01,0.767,,1.293,,0.0,0.0,1.49,17.0,,,0.05,0.526,0.0,,0.0,0.028,,0.0,,0.154,,0.041,,0.016,,,1.53,,,0.051,0.626,107.0,,,,,167.0,0.545,16.41,0.032,,,,,0.003,,0.003,,,0.001,,0.037000000000000005,0.0,,,,0.011,,,0.004,,,,,,0.001,,0.015,,,21.0,0.045,66.7,0.675,0.0,,0.0,,0.003,0.0,0.008,0.0,0.002,0.0,,0.0,0.0,0.0,0.0,0.0,72.0,,,,0.0,,,,,,,0.0,0.031,0.74,0.0,0.0,0.04,0.0,0.0,0.0,0.0,,,0.7,,0.184,0.569,0.789,70.0,21.0,0.38,0.0,0.052000000000000005,0.0,,,,,,1.2,0.0,0.0,,0.7,75.67,,0.23
food_284,,,,1.556,0.0,2.468,2.0,2.563,,,,,,0.0,57.0,,,7.76,,0.0,0.0,,65.0,,,,,,65.0,,,,,1.03,,0.0,,0.187,,,,,355.0,,,,,,0.028,0.023,0.031,,,,,,,0.0,,6.0,6.0,6.0,0.0,,,,,,3.669,1.495,,0.488,,,5.03,0.828,,1.903,,0.0,0.0,1.465,86.0,,,0.447,0.603,,,,0.005,,,,0.006,,0.008,,0.009000000000000001,,,1.05,,,0.208,0.8240000000000001,141.0,,,,,347.0,1.182,23.84,0.004,,,,,0.0,,,,,0.0,,,,,,,0.009000000000000001,,,0.004,,,,,,0.0,,0.006,,,26.0,0.107,44.8,1.11,0.0,,0.0,,0.002,,0.02,,0.009000000000000001,,,,,0.0,0.0,0.0,206.0,,,,0.0,,,,,,,0.0,0.026,1.068,,,,,,,,,,0.4,,0.309,0.759,1.037,87.0,26.0,9.07,0.0,0.342,4.0,0.0,0.0,,0.0,,0.13,0.0,,,0.1,66.0,,1.63
food_295,,,,,0.0,,,,,,,,,0.0,211.0,,,49.2,,0.0,0.0,,0.0,,,,,,14.6,,,,,0.124,,0.0,,,,,,,270.0,,,,,,0.7170000000000001,1.87,0.821,,,,,,,2.3,,171.0,25.0,111.0,86.0,,,,,,,,,,,,3.36,,,,,44.0,0.0,,27.0,,,,,,,,0.022,,,,0.7090000000000001,,0.011,,0.0,,,4.76,,,,,113.0,,,,,117.0,,9.43,1.68,,,,,0.2,,,,,0.0,,,,,,,0.002,,,0.002,,,,,,0.0,,0.0,,,0.0,0.24,23.2,,0.005,,0.013,,0.014,,0.493,,0.252,,,,,0.004,0.001,0.006,477.0,,,,5.34,,,,,,,0.0,0.507,,,,,,,,,,,3.59,,,,,,0.0,0.0,0.0,0.092,0.0,0.0,,,,,0.22,0.0,,,0.2,35.7,,0.88
food_300,,,,0.894,0.0,1.759,1.96,1.69,,,12.6,,,0.0,91.0,,,0.0,,0.0,0.0,,97.0,,,,,,80.9,,,,,0.8140000000000001,,0.0,,0.187,,,,,215.0,,,,,,0.129,0.258,0.201,0.014,,,,,,0.0,209.9,51.0,51.0,51.0,0.0,0.0,0.0,,,0.0,2.634,1.071,,0.393,,,0.5,0.7759999999999999,0.0,1.307,,0.0,0.0,1.386,36.0,,0.0,0.07400000000000001,0.452,0.001,,0.0,0.027000000000000003,,0.002,,0.092,,0.006,,0.0,,0.0,2.747,,,0.997,0.708,234.0,,,,,259.0,0.6779999999999999,17.88,0.02,,,,,0.009000000000000001,,,,,0.002,,0.005,0.005,,,,0.037000000000000005,,,0.101,,,,0.003,,0.009000000000000001,,0.067,,,1.0,0.093,42.9,0.6779999999999999,0.0,,0.002,,0.008,0.004,0.098,0.01,0.07200000000000001,0.004,,0.002,0.0,0.0,0.0,0.0,563.0,0.0,,0.0,0.0,,,,,,,0.0,0.023,0.727,0.0,0.0,0.0,0.0,0.0,0.0,0.0,,,0.74,,0.226,0.6579999999999999,0.8059999999999999,2.0,1.0,3.33,0.0,0.156,3.3,0.0,0.0,,0.0,,1.84,0.0,0.0,0.0,0.3,79.69,,3.81
food_327,,,,,,,3.4,,,,,,,,53.0,,,5.1,,,,,,,,,,,,,,,,,,,,,,,,,269.5,,,,,,,,,,,,,,,,,,,,,,,,,,,,,,,,8.6,,,,,,,,,,,,,,,,,,,,,,,,,,,2.7,,,,,297.0,,,,,,,11.0,,,,,,,,,,,,,,,,,,,,,,,,,,,,,,,,,0.54,,,,,,,,,,,,,,,,,,,,,,,,,,,,,,,0.18,,,,,,,,,,,4.4,,,,,1510.0,,,,,,,,,,,,,,,,76.1,,
food_340,,,,,,,3.3,,,,,,,,10.0,,,0.0,,,,,100.0,,,,,,,,,,,,,,,,,,,,286.0,,,,,,,,,,,,,,,,,,,,,,,,,,,,,,,,12.9,,,,,,,,,,,,,,,,,,,,,,,,,,,5.9,,,,,198.0,,,,,,,26.7,,,,,,,,,,,,,,,,,,,,,,,,,,,,,,,,,0.26,,,,,,,,,,,,,,,,,,,,,,,,,,,,,,,0.2,,,,,,,,,,,0.4,,,,,1400.0,,,,,,,,,,,,,,,,69.6,,
food_348,,,,,0.0,,,,,,,,,0.0,15.0,,,7.44,,0.0,95.0,,0.0,,,,,,7.9,,,,,0.045,,0.0,,,,,,,34.0,,,,,,0.009000000000000001,0.075,0.07,,,,,,,0.8,,17.0,17.0,17.0,0.0,,,,,,,,,,,,0.31,,,,,1674.0,0.0,,15.0,,,,,,,,0.002,,,,0.006,,0.0,,0.0,,,0.355,,,,,32.0,,,,,217.0,,1.0,0.025,,,,,0.051,,,,,0.0,,,,,,,0.0,,,0.0,,,,,,0.0,,0.0,,,0.0,0.075,0.2,,0.013,,0.002,,0.001,,0.04,,0.005,,,,,0.0,0.0,0.0,951.0,,,,6.94,,,,,,,0.0,0.034,,,,,,,,,,,0.28,,,,,,8.0,0.0,0.0,0.122,12.6,0.0,,,,,0.1,0.0,,,3.6,88.11,,0.27
food_355,,,,1.173,,1.161,1.1,1.987,,,,,,,80.0,,,0.0,,,,,67.0,,,,,,,,,,,0.3,,,,0.208,,,,,230.5,,,,,,0.117,0.246,0.139,,,,,,,0.0,,15.0,15.0,15.0,0.0,,,,,,2.8960000000000004,0.931,,0.5710000000000001,,,1.2,0.894,,1.577,,,,1.7819999999999998,30.0,,,0.7,0.574,,,,0.042,,,,0.07,,0.005,,,,,1.2,,,0.75,0.757,180.0,,,,,350.0,0.6859999999999999,19.4,0.015,,,,,0.01,,,,,,,,,,,,0.079,,,0.037000000000000005,,,,,,0.033,,0.07200000000000001,,,15.0,0.07,12.6,0.792,,,,,0.012,,0.099,,0.028,,,,,,,,80.0,,,,,,,,,,,,0.08,0.85,,,,,,,,,,0.7,,0.217,0.655,0.999,50.0,15.0,2.0,,0.12,1.0,,,,,,,,,,,79.5,,1.55
food_359,,,,,0.0,,,,,,,,,0.0,5.0,,,16.53,,0.0,0.0,,0.0,,,,,,7.1,,,,,0.14800000000000002,,0.0,,,,,,,66.0,,,,,,0.12,0.132,0.099,,,,,,,1.3,,14.0,14.0,14.0,0.0,,,,,,,,,,,,0.31,,,,,0.0,0.0,,10.0,,,,,,,,0.001,,,,0.119,,0.0,,0.0,,,0.603,,,,,31.0,,,,,171.0,,0.83,0.067,,,,,0.065,,,,,0.0,,,,,,,0.0,,,0.0,,,,,,0.0,,0.0,,,0.0,0.065,0.6,,0.0,,0.0,,0.002,,0.07,,0.024,,,,,0.0,0.0,0.0,1.0,,,,15.23,,,,,,,0.0,0.011,,,,,,,,,,,0.44,,,,,,0.0,0.0,0.0,0.1,71.5,0.0,,,,,0.07,0.0,,,0.4,81.76,,0.07
food_361,,,,,,,0.55,,,,0.0,,,,10.0,,,,,0.0,,,,8.0,0.0,0.6,1.2,0.0,9.8,46.0,12.0,542.0,,0.0565,0.0,0.0,,,,,,,,,,,,,,,,,,,,,,2.2,,,,9.5,,,,,,,,,,,,,0.31,,,,84.0,,4210.0,,11.85,,,0.0985,,,,,,,,,,,,,,,,0.805,0.13,,,,26.5,,,,,257.0,,,,,,,,,,,,,,,,,,,,,,,,,,,,,,,,,,,0.065,,,,,,,,,,,,,,,,,,,5.5,,,,,,,,,,,,0.07500000000000001,,0.02,0.115,0.7050000000000001,0.0,0.0,0.0,0.0,,,0.645,399.0,,,,,,,,0.06000000000000001,26.3,,,,,,0.985,,0.0,0.0,4.25,92.65,9.0,0.195
food_366,,,,,0.0,,,,,,,,,0.0,23.0,,,19.29,,0.0,8.0,,0.0,,,,,,29.9,,,,,0.249,,0.0,,,,,,,165.0,,,,,,2.765,2.889,1.018,,,,,,,6.0,,184.0,184.0,184.0,0.0,,,,,,,,,,,,2.34,,,,,0.0,0.0,,49.0,,,,,,,,0.025,,,,2.7060000000000004,,0.027000000000000003,,0.005,,,0.4370000000000001,,,,,145.0,,,,,258.0,,7.18,2.483,,,,,0.407,,,,,0.0,,,,,,,0.0,,,0.0,,,,,,0.0,,0.0,,,0.0,0.049,2.3,,0.0,,0.0,,0.001,,0.733,,0.229,,,,,0.0,0.0,0.0,220.0,,,,3.07,,,,,,,0.0,0.17800000000000002,,,,,,,,,,,7.0,,,,,,1.0,0.0,0.0,0.08800000000000001,0.4,0.0,,,,,1.02,0.0,,,9.2,65.1,,1.2
food_369,,,,0.93,,1.203,1.0,1.7180000000000002,,,,,,,10.0,,,1.42,,,,,292.0,,,,,,,,,,,0.268,,,,0.243,,,,,337.0,,,,,,1.32,1.19,1.64,,,,,,,0.0,,394.0,394.0,394.0,0.0,,,,,,2.7030000000000003,1.016,,0.4370000000000001,,,6.25,0.927,,1.496,,,,1.346,18.0,,,0.163,0.452,,,,0.18,,,,1.12,,0.01,,0.0,,,6.984,,,3.618,0.841,207.0,,,,,226.0,0.926,18.28,0.81,,,,,0.03,,,,,,,,,,,,0.28,,,0.01,,,,,,0.0,,0.04,,,4374.0,1.119,55.3,0.7959999999999999,0.0,,0.0,,0.02,,0.91,,0.6,,,,,,,,77.0,,,,,,,,,,,,0.097,0.826,,,,,,,,,,5.18,,0.217,0.609,1.007,14566.0,4374.0,12.95,,0.47,18.4,,,,,,,,,,,74.12,,3.38
food_372,,,,0.034,0.0,0.029,0.5,0.166,,,,,,0.0,13.0,,,5.1,,78.0,346.0,,0.0,,,,,,8.6,,,,,0.09,,0.0,,0.016,,,,,59.0,,,,,,0.03,0.081,0.028,0.0,,,,,,1.1,,9.0,9.0,9.0,0.0,,,,,,0.442,0.03,,0.018000000000000002,,,0.51,0.029,,0.044,,0.0,0.0,0.044,10.0,,,0.1,0.01,,,,0.001,,,,0.029,,0.0,,0.0,,,0.5,,,0.5,0.031,28.0,,,,,204.0,0.023,1.2,0.078,,,,,0.003,,,,,0.0,,,,,,,0.0,,,0.0,,,,,,0.0,,0.0,,,0.0,0.04,0.4,0.032,0.0,,0.0,,0.0,,0.02,,0.006999999999999999,,,,,0.0,0.0,0.0,13.0,,,,4.0,,,,,,,0.0,0.06,0.03,,,,,,,,,,0.2,,0.009000000000000001,0.021,0.031,642.0,32.0,0.0,0.0,0.081,23.4,0.0,0.0,,,,0.38,0.0,,,10.1,93.0,,0.07
food_374,,,,,,,3.32,,,,331.7,,,,366.0,,,6.96,,0.0,1171.0,,,,,,,,20.0,,,,,0.12,,0.0,,,,,,,122.0,,,,,,,,,,,,,,,6.3,,,48.0,48.0,,,,,,,,,,,,,1.16,,,,,3616.0,0.0,,163.0,,,1.49,,,,,,,,,,,,,,,,0.79,,,,,63.0,,,,,1270.0,,4.21,,,,,,,,,,,,,,,,,,,,,,,,,,,,,,,,,0.3,1.1,,,,,,,,,,,,,,,,,,7.0,,,,,,,,,,,,0.029,,,,,,,,,,,0.28,,,,,1952.0,98.0,,,0.184,,,,,,,,,0.0,0.0,346.6,85.23,,0.72
food_379,,,,0.038,0.0,0.049,0.41,0.085,,,,,,0.0,43.0,,,11.54,,11.0,71.0,,0.0,,,,,,8.4,,,,,0.039,,116.0,,0.006999999999999999,,,,,119.0,,,,,,0.039,0.042,0.025,0.0,,,,,,2.4,,17.0,17.0,17.0,0.0,,,,,,0.071,0.071,,0.013,,,0.09,0.019,,0.017,,129.0,0.0,0.035,10.0,,,0.024,0.015,,,,0.005,,,,0.034,,0.0,,0.0,,,0.4,,,0.25,0.023,12.0,,,,,169.0,0.035,0.7,0.031,,,,,0.011,,,,,0.0,,,,,,,0.0,,,0.0,,,,,,0.0,,0.0,,,0.0,0.04,0.5,0.024,0.0,,0.0,,0.001,,0.023,,0.001,,,,,0.0,0.0,0.0,0.0,,,,9.14,,,,,,,0.0,0.1,0.011,,,,,,,,,,0.21,,0.006999999999999999,0.012,0.03,225.0,11.0,0.0,0.0,0.051,45.0,0.0,0.0,,,,0.18,0.0,,,0.0,87.14,,0.08
food_382,,,,1.095,0.0,1.315,4.3,2.767,,,,,,0.0,81.0,,,63.38,,0.0,0.0,,0.0,,,,,,96.7,,,,,0.74,,0.0,,0.237,,,,,876.0,,,,,,0.062,0.309,0.161,0.0,,,,,,19.0,,395.0,395.0,395.0,0.0,,,,,,3.0380000000000003,0.906,,0.6559999999999999,,,7.51,1.129,,1.85,,0.0,0.0,1.4380000000000002,224.0,,,1.672,0.271,,,,0.004,,,,0.052000000000000005,,0.0,,0.004,,,1.537,,,1.355,1.236,385.0,,,,,1724.0,0.975,21.46,0.215,,,,,0.095,,,,,0.0,,,,,,,0.0,,,0.0,,,,,,0.0,,0.0,,,0.0,0.202,7.2,1.4280000000000002,0.0,,0.0,,0.002,,0.118,,0.032,,,,,0.0,0.0,0.0,18.0,,,,8.5,,,,,,,0.0,0.507,0.927,,,,,,,,,,0.69,,0.254,0.759,1.291,0.0,0.0,0.0,0.0,0.512,0.0,0.0,0.0,,,,0.72,0.0,,,6.0,10.17,,2.83
food_385,,,,0.033,0.0,0.019,0.22,0.121,,,0.1,,,0.0,13.0,,,13.12,,0.0,35.0,,0.0,,,,,,5.5,,,,,0.11,,0.0,,0.014,,,,,129.5,,,,,,0.013,0.04,0.009000000000000001,0.0,,,,,,1.4,,18.0,18.0,18.0,0.0,2.12,0.0,,,1.73,0.079,0.024,,0.01,,,0.29,0.019,0.0,0.024,,0.0,0.0,0.026,12.0,,0.0,0.927,0.012,,,,0.001,,,,0.012,,0.0,,0.0,,,0.5,,,0.213,0.021,8.0,,,6.0,,109.0,0.017,0.54,0.023,,,,,0.017,,,,,0.0,,,,,,,0.0,,,0.0,,,,,,0.0,,0.0,,,0.0,0.032,0.1,0.035,0.0,,0.0,,0.0,,0.005,,0.003,,,,,0.0,0.0,0.0,1.0,0.0,,5.99,9.85,,,,,,,0.0,0.079,0.019,0.0,0.0,0.0,0.02,0.0,0.0,0.0,,,0.12,,0.005,0.019,0.024,58.0,3.0,0.0,0.0,0.112,47.8,0.0,0.0,,,,0.02,0.0,0.0,,0.7,86.0,,0.12
food_388,,,,,,,,,,,,,,,,,,,,,,,,,,,,,,,,,,,,,,,,,,,,,,,,,,,,,,,,1.0,0.7,,,,,,,,,,,,,,,,,,,,,,,,,,,,,,,,,,,,,,,,,,,,,,,,,,,,,,,,,,,,,,,,,,,,,,,,,,,,,,,,,,,,,,,,,,,,,,,,,,,,,,,,,,,,,,,,,,,,,,,,,,,,,,,,,,,,,,,,,,,,,,,,,,,,,,,,,,,
food_392,,,,,,,,,,,,,,,,,,,,,,,,,,,,,,,,,,,,,,,,,,,,,,,,,,,,,,,,,,,,,,,,1.2,0.0,,,1.39,,,,,,,,,0.0,,,,,,,,0.14,,,,,,,,,,,,,,,,,,,,,,,,,,,,,,,,,,,,,,,,,,,,,,,,,,,,,,,,,,,,,,,,,,,,,,,,,,,,,,,,,,,,4.99,,,,,,,,,,,,,,,,,,,,,,,,,,,,,,,,,,,,,,,,,,,
food_395,,,,0.084,0.0,0.073,0.66,0.255,,,,,,0.0,37.0,,,7.13,,,,,0.0,,,,,,15.3,,,,,0.069,,,,0.018000000000000002,,,,,80.0,,,,,,0.005,0.059,0.026,0.0,,,,,,3.4,,37.0,37.0,37.0,0.0,,,,,,0.187,0.065,,0.034,,,1.04,0.066,,0.112,,,,0.08800000000000001,25.0,,,0.214,0.022,,,,0.0,,,,0.004,,,,,,,0.752,,,0.094,0.067,38.0,,,,,209.0,0.068,1.82,0.023,,,,,0.036000000000000004,,,,,,,,,,,,,,,,,,,,,,,,,,0.0,0.105,0.6,0.099,,,,,0.0,,0.022,,0.004,,,,,,,,6.0,,,,3.27,,,,,,,0.0,0.084,0.079,,,,,,,,,,0.12,,0.019,0.042,0.09,108.0,,0.0,0.0,0.07400000000000001,16.3,0.0,0.0,,,,0.41,0.0,,,43.2,90.27,,0.24
food_397,,,,,,,1.38,,,,,,,,129.0,,,6.91,,,,,0.0,,,,,,,,,,,0.071,,,,,,,,,114.0,,,,,,0.078,0.4,0.197,0.0,,,,,,,,9.0,9.0,9.0,0.0,,,,,,,,,,,,1.3,,,,,,,,47.0,,,0.157,,,,,,,,,0.078,,,,,,,0.995,,,0.124,,45.0,,,,,606.0,,2.79,0.279,,,,,0.121,,,,,,,,,,,,,,,,,,,,,,,,,,0.0,0.244,0.7,,,,,,,,0.171,,0.027000000000000003,,,,,,,,50.0,,,,,,,,,,,,0.062,,,,,,,,,,,0.97,,,,,2045.0,102.0,0.0,,0.116,96.0,0.0,0.0,,,,,,,,,87.96,,0.09
food_400,,,,1.392,,1.432,1.27,1.883,,,,,,,10.0,,,0.0,,,,,58.0,,,,,,,,,,,0.433,,,,0.394,,,,,319.0,,,,,,0.84,0.77,0.87,,,,,,,0.0,,4.0,4.0,4.0,0.0,,,,,,2.928,1.497,,0.857,,,2.31,1.233,,1.938,,,,1.977,28.0,,,0.018000000000000002,0.716,,,,0.16,,,,0.67,,0.0,,0.0,,,8.2,,,0.787,0.98,228.0,,,,,260.0,0.828,22.59,0.62,,,,,0.02,,,,,,,,,,,,0.08,,,0.01,,,,,,0.02,,0.0,,,11.0,0.243,18.8,1.103,0.0,,0.02,,0.02,,0.52,,0.3,,,,,,,,55.0,,,,,,,,,,,,0.24,1.131,,,,,,,,,,2.99,,0.354,1.048,1.225,37.0,11.0,0.47,,0.53,5.1,,,,,,,,,,,71.67,,2.7
food_403,,,,1.007,0.0,1.069,1.13,1.4240000000000002,,,2.7,,,0.0,18.0,,,0.07,,0.0,0.0,,333.0,,,,,,160.0,,,,,0.5770000000000001,,0.0,,0.213,,,,,321.0,,,,,,1.016,1.425,1.452,0.046,,0.034,0.012,,,0.0,,331.0,331.0,331.0,0.0,,,,,,2.388,0.988,,0.399,0.245,,5.92,0.52,,1.3130000000000002,,0.0,0.0,1.381,22.0,,,0.19,0.462,0.003,,0.0,0.064,0.062,0.004,,0.919,0.8859999999999999,0.019,,0.001,0.001,0.006999999999999999,8.693999999999999,,,3.889,0.674,223.0,,,,,198.0,1.11,18.18,1.033,,0.002,,1.019,0.043,,0.042,0.001,,0.0,,0.013,0.014,,0.0,,0.251,0.014,,0.005,,,,0.025,,0.015,,0.025,,,3939.0,1.393,49.3,0.785,0.004,,0.01,,0.026,0.005,0.779,0.013,0.584,0.006999999999999999,,0.016,0.009000000000000001,0.0,0.0,0.0,136.0,,,,0.0,,0.002,0.033,0.012,,0.0,0.0,0.149,0.662,0.0,0.0,0.15,0.01,0.0,0.01,0.01,,,5.09,,0.199,0.579,0.644,13129.0,3939.0,13.06,0.0,0.654,0.0,0.8,34.0,,0.8,,0.25,0.0,,,0.0,76.03,,3.23
food_404,,,,,,,,,,,,,,,,,,,,0.0,90.0,,,,,,,,,,,,,,,0.0,,,,,,,,,,,,,,,,,,,,,,,,,,,,,,,,,,,,,,,,,,,,724.0,0.0,,,,,,,,,,,,,,,,,,,,,,,,,,,0.0,0.0,,,,,,,,,,,,,,,,,,,,,,,,,,,,,,,,,,,,,,,,,,,,,,,,,,,,,,,,,,,,,,,,,,,,,,,,,,,,,,,,,,,,,,,,,,,,,,,,,,,,,,,
food_407,,,0.0,0.6579999999999999,0.0,0.625,0.7,1.159,,,,,,0.0,9.0,,,0.74,,0.0,0.0,,3.0,,,,,,2.5,,,,,0.0,,0.0,,0.28800000000000003,,,,,124.5,,,,,,0.0,0.0,0.0,0.0,,0.0,0.0,,,0.0,,10.0,10.0,10.0,0.0,0.0,0.0,,,0.25,1.48,0.391,,0.263,,0.0,0.18,0.5589999999999999,0.0,0.936,,20.0,0.0,0.76,10.6,,0.0,0.0,0.396,0.0,,0.0,0.0,,0.0,,0.0,,0.0,,0.0,,,0.093,1.61,,0.147,0.6579999999999999,0.0,,,,,130.0,0.409,10.1,0.0,,,,0.0,0.0,,0.0,0.0,0.0,0.0,,0.0,0.0,,,,0.0,,,0.0,,,,,,0.0,,0.0,,,0.0,0.423,9.2,0.797,0.0,,0.0,,0.0,0.0,0.0,0.0,0.0,0.0,,0.0,0.0,0.0,0.0,0.0,144.0,,,0.0,0.25,,,,,0.0,,0.0,0.023,0.453,,,,,,,,,,0.16,,0.17600000000000002,0.446,0.73,0.0,0.0,0.03,0.0,0.005,0.0,0.0,0.0,0.0,0.0,,0.0,0.0,,,0.0,88.3,,0.02
food_411,,,,0.025,0.0,0.033,0.28,0.064,,,,,,0.0,23.0,,,6.91,,16.0,64.0,,0.0,,,,,,8.2,,,,,0.037000000000000005,,0.0,,0.005,,,,,80.5,,,,,,0.042,0.239,0.117,0.0,,,,,,1.5,,12.0,12.0,12.0,0.0,,,,,,0.105,0.022,,0.011,,,0.31,0.024,,0.034,,0.0,0.0,0.022,12.0,,,0.125,0.006999999999999999,,,,0.002,,,,0.039,,,,,,,0.95,,,0.36,0.024,12.0,,,,,108.0,0.021,0.64,0.09,,,,,0.149,,,,,,,,,,,,,,,,,,,,,,,,,,0.0,0.018000000000000002,0.3,0.024,,,0.002,,0.002,,0.101,,0.011,,,,,,,,17.0,,,,2.76,,,,,,,0.0,0.037000000000000005,0.018000000000000002,,,,,,,,,,0.57,,0.009000000000000001,0.02,0.026,120.0,6.0,0.0,,0.101,2.1,0.0,0.0,,,,0.13,,,,0.9,91.6,,0.19
food_414,,,,0.118,,0.145,0.92,0.213,,,,,,,48.0,,,5.24,,,,,0.0,,,,,,,,,,,0.045,,,,0.02,,,,,72.5,,,,,,0.024,0.16699999999999998,0.054000000000000006,0.0,,,,,,,,71.0,71.0,71.0,0.0,,,,,,0.375,0.095,,0.05,,,0.88,0.109,,0.131,,,,0.141,25.0,,,0.229,0.034,,,,,,,,0.024,,,,,,,0.638,,,0.535,0.084,66.0,,,,,325.0,0.114,2.98,0.038,,,,,0.129,,,,,,,,,,,,,,,,,,,,,,,,,,0.0,0.119,3.0,0.1,,,,,,,0.047,,0.006999999999999999,,,,,,,,27.0,,,,,,,,,,,,0.065,0.091,,,,,,,,,,0.35,,0.029,0.063,0.128,400.0,20.0,0.0,,0.159,93.2,0.0,0.0,,,,,,,,,90.69,,0.4
food_415,,,,0.016,,0.012,0.3,0.104,,,,,,,8.0,,,15.1,,0.0,8.0,,,,,,,,,,,,,0.07,,3.0,,0.002,,,,,147.5,,,,,,,,,,,,,2.8,0.3,3.1,,,,6.0,,6.76,0.0,,,2.5,0.036000000000000004,0.015,,0.002,,,0.17,0.014,0.0,0.023,,48.0,0.0,0.021,5.7,,0.0,0.032,0.002,,,,,,,,,,,,,,,0.16399999999999998,0.06,,0.042,0.013,10.0,,,,,87.0,0.017,0.38,,,,,,,,,,,,,,,,,,,,,,,,,,,,,,,,,0.026,0.2,0.016,,,,,,,,,,,,,,,,,7.0,,,0.43,,9.69,,,,,,,0.012,0.013,,,,,,,,,,0.16,,0.002,0.002,0.019,,1.0,,,0.026,4.4,,,,,,,,0.0,,3.8,84.1,,0.07
food_417,,,,,0.0,,,,,,,,,0.0,23.0,,,0.0,,1.0,135.0,,225.0,,,,,,18.8,,,,,0.01,,6.0,,,,,,,731.0,,,,,,19.874,3.3310000000000004,45.39,,,,,,,0.0,,4.0,4.0,4.0,0.0,,,,,,,,,,,,0.05,,,,,13.0,0.0,,1.0,,,,,,,,1.4169999999999998,,,,17.37,,0.147,,0.005,,,0.022,,,,,24.0,,,,,41.0,,0.49,2.713,,,,,0.298,,,,,0.003,,,,,,,0.119,,,0.022,,,,,,0.045,,0.003,,,671.0,0.064,0.0,,2.039,,2.354,,7.515,,20.531,,7.649,,,,,1.635,1.3730000000000002,0.858,583.0,,,,0.06,,,,,,,0.0,0.006999999999999999,,,,,,,,,,,78.3,,,,,,683.0,0.07,0.0,0.008,0.0,0.0,,,,,1.37,0.0,,,4.6,16.72,,0.05
food_419,,,,,0.0,,,,,,,,,0.0,51.0,,,3.74,,45.0,3647.0,,0.0,,,,,,18.0,,,,,0.179,,0.0,,,,,,,19.0,,,,,,0.04,0.07,0.03,,,,,,,1.6,,14.0,14.0,14.0,0.0,,,,,,,,,,,,1.8,,,,,11000.0,0.0,,81.0,,,,,,,,0.0,,,,0.04,,0.0,,0.0,,,0.4,,,,,46.0,,,,,379.0,,1.8,0.063,,,,,0.006999999999999999,,,,,0.0,,,,,,,0.0,,,0.0,,,,,,0.0,,0.0,,,0.0,0.09,0.9,,0.0,,0.0,,0.0,,0.03,,0.0,,,,,0.0,0.0,0.0,213.0,,,,1.1,,,,,,,0.0,0.04,,,,,,,,,,,0.2,,,,,,306.0,0.0,0.0,0.099,30.0,0.0,,,,,1.89,0.0,,,830.0,92.66,,0.36
food_421,,,,,,,2.7,,,,,,,,13.0,,,6.3,,,,,,,,,,,,,,,,,,,,,,,,,115.0,,,,,,,,,,,,,,,6.0,,,,,,,,,,,,,,,,,2.1,,,,,,,,,,,,,,,,,,,,,,,,,,,1.4,,,,,166.0,,,,,251.0,,3.0,,,,,,,,,,,,,,,,,,,,,,,,,,,,,,,,,0.86,,,,,,,,,,,,,,,,,,,50.0,,,,,,,,,,,,0.04,,,,,,,,,,,0.8,,,,,5720.0,,,,,99.0,,,,,,,,,,,87.2,,
food_425,,,,0.077,0.0,0.055,0.99,0.382,,,,,,0.0,30.0,,,20.12,,7.0,8509.0,,0.0,,,,,,12.3,,,,,0.151,,0.0,,0.022,,,,,222.5,,,,,,0.001,0.014,0.018000000000000002,0.0,,,,,,3.0,,11.0,11.0,11.0,0.0,0.7,0.0,,,0.96,0.155,0.063,,0.031,,,0.61,0.055,0.0,0.092,,0.0,0.0,0.066,25.0,,0.0,0.258,0.029,0.0,,0.0,0.0,,0.0,,0.001,,0.0,,0.0,,,0.557,,,0.8,0.08900000000000001,47.0,,,12.0,,337.0,0.052000000000000005,1.57,0.013,,,,,0.001,,,,,0.0,,0.0,0.0,,,,0.0,,,0.0,,,,,,0.0,,0.0,,,0.0,0.061,0.6,0.08800000000000001,0.0,,0.0,,0.0,0.0,0.018000000000000002,0.0,0.001,0.0,,0.0,0.0,0.0,0.0,0.0,55.0,12.65,,2.52,4.18,,,,,,,0.0,0.078,0.083,0.01,0.0,0.0,0.01,0.0,0.0,0.0,,,0.05,,0.031,0.034,0.086,14187.0,709.0,0.0,0.0,0.209,2.4,0.0,0.0,,,,0.26,0.0,0.0,,1.8,77.28,,0.3
food_428,,,,0.017,0.0,0.111,0.34,0.067,,,0.1,,,0.0,20.0,,,7.55,,0.0,1.0,,0.0,,,,,,5.5,,,,,0.056,,0.0,,0.009000000000000001,,,,,82.5,,,,,,,,,0.0,,,,,,0.9,,,23.0,23.0,,2.02,0.0,,,2.26,0.177,0.02,,0.011,,,0.26,0.014,0.02,0.025,,6.0,0.0,0.033,9.0,,0.0,0.076,0.009000000000000001,,,,,,,,,,,,,,,0.133,,,0.098,0.024,27.0,,,,,119.0,0.015,0.8,,,,,,,,,,,,,,,,,,,,,,,,,,,,,,,,,0.02,0.5,0.02,,,,,,,,,,,,,,,,,8.0,0.0,,0.72,5.02,,,,,,,0.0,0.041,0.018000000000000002,0.0,0.0,0.0,0.01,0.0,0.0,0.0,,,0.08,,0.009000000000000001,0.012,0.02,1.0,0.0,,,0.13,4.8,0.0,0.0,,,,0.02,,0.0,,0.3,91.24,,0.13
food_433,,,,0.012,,0.009000000000000001,0.35,0.094,,,,,,,11.0,,,14.94,,0.0,14.0,,,,,,,,5.1,,,,,0.07,,1.0,,0.001,,,,,161.5,,,,,,,,,0.0,,,,,,3.0,,,7.0,7.0,,6.48,,,,2.74,0.027000000000000003,0.011,,0.001,,,0.19,0.01,,0.017,,53.0,0.0,0.015,7.0,,,0.056,0.002,,,,,,,,,,,,,,,0.162,,,0.053,0.01,13.0,,,,,123.0,0.019,0.33,,,,,,,,,,,,,,,,,,,,,,,,,,,,,,,,,0.028,0.1,0.014,,,,,,,,,,,,,,,,,1.0,,,0.26,9.54,,,,,,,,0.012,0.01,,,,,,,,,,0.14,,0.001,0.001,0.015,24.0,1.0,,,0.039,5.2,,,,,,0.12,,0.0,,4.9,84.24,,0.13
food_436,,,,,0.0,,,,,,,,,0.0,81.0,,,5.5,,0.0,4150.0,,0.0,,,,,,19.5,,,,,0.17,,0.0,,,,,,,32.0,,,,,,0.239,0.228,0.023,,,,,,,1.1,,80.0,80.0,80.0,0.0,,,,,,,,,,,,1.3,,,,,12500.0,0.0,,38.0,,,,,,,,0.0,,,,0.087,,0.061,,0.091,,,1.0,,,,,76.0,,,,,606.0,,2.6,0.152,,,,,0.076,,,,,0.0,,,,,,,0.0,,,0.0,,,,,,0.0,,0.0,,,0.0,0.26,0.9,,0.0,,0.0,,0.0,,0.016,,0.006999999999999999,,,,,0.0,0.0,0.0,14.0,,,,4.4,,,,,,,0.0,0.08,,,,,,,,,,,0.7,,,,,,346.0,0.0,0.0,0.247,69.0,0.0,,,,,0.7,0.0,,,541.9,89.4,,0.23
food_440,,,,,,,,,,,,,,,,,,,,,,,,,,,,,,,,,,,,,,,,,,,,,,,,,,,,,,,,,,,,,,,,,,,,,,,,,,,,,,,,,,,,,,,,,,,,,,,,,,,,,,,,,,,,,,,,,,,,,,,,,,,,,,,,,,,,,,,,,,,,,,,,,,,,,,,,,,,,,,,,,,,,,,,,,,,,,,,,,,,,,,,,,,,,,4.01,,,,,,,,,,,,,,,,,,,,,,,
food_441,,,,0.054000000000000006,,0.08800000000000001,0.97,0.369,,,,,,0.0,45.0,,,17.23,,0.0,0.0,,0.0,,,,,,,,,,,0.257,,0.0,,0.022,,,,,192.5,,,,,,0.02,0.02,0.03,0.0,,,,,,4.9,,13.0,13.0,13.0,0.0,,,,,,0.139,0.156,,0.038,,,1.16,0.054000000000000006,,0.069,,0.0,0.0,0.094,23.0,,,0.261,0.022,,,,0.002,,,,0.014,,0.002,,,,,0.4,,,0.377,0.047,100.0,,,,,556.0,0.136,2.6,0.014,,,,,0.006,,,,,,,,,,,,,,,,,,,,,,,,,,0.0,0.22,0.7,0.06,,,,,0.0,,0.028,,0.001,,,,,,,,40.0,,,,,,,,,,,0.0,0.16,0.051,,,,,,,,,,0.1,,0.02,0.029,0.055,0.0,0.0,0.0,,0.258,44.0,0.0,0.0,,,,,,,,,79.1,,0.39
food_445,,,,0.187,0.0,0.132,0.56,0.34700000000000003,,,,,,0.0,88.0,,,12.29,,0.0,7.0,,12.0,,,,,,14.0,,,,,0.019,,0.0,,0.04,,,,,272.0,,,,,,0.65,0.113,1.599,0.07400000000000001,,0.059,0.014,,,1.0,,9.0,9.0,9.0,0.0,3.36,0.53,,,0.54,0.856,0.105,,0.108,,,0.07,0.238,2.37,0.44,,7.0,0.0,0.392,10.0,,0.0,0.036000000000000004,0.129,0.025,,0.0,0.042,0.034,0.005,,0.573,0.522,0.005,,0.0,0.0,0.0,0.205,,,0.394,0.238,109.0,,,,,129.0,0.518,8.17,0.092,,0.011,,0.067,0.011,,0.011,0.0,0.0,0.0,,0.0,0.003,,0.0,,0.004,0.003,,0.0,,,,0.0,,0.002,,0.0,,,30.0,0.235,9.6,0.271,0.084,,0.081,,0.254,0.027000000000000003,0.746,0.017,0.25,0.003,,0.0,0.0,0.06,0.046,0.031,33.0,0.0,,4.43,11.23,,0.008,0.052000000000000005,0.014,,0.0,0.0,0.037000000000000005,0.179,,,,,,,,,,2.57,,0.025,0.221,0.362,111.0,31.0,0.5,0.0,0.049,0.7,0.0,0.0,0.0,0.0,,0.02,0.0,,,0.0,76.41,,0.41
food_446,,,,,0.0,,,,,,,,,0.0,333.0,,,82.4,,0.0,1.0,,0.0,,,,,,12.4,,,,,0.211,,2.0,,,,,,,403.0,,,,,,4.3,1.2,0.6,,,,,,,2.4,,1131.0,4.0,667.0,663.0,,,,,,,,,,,,27.0,,,,,3.0,0.0,,27.0,,,,,,,,0.016,,,,4.2,,0.084,,0.0,,,16.7,,,,,67.0,,,,,126.0,,5.0,0.8490000000000001,,,,,0.35,,,,,0.0,,,,,,,0.0,,,0.0,,,,,,0.0,,0.0,,,749.0,1.39,13.8,,0.0,,0.001,,0.003,,0.396,,0.136,,,,,0.0,0.0,0.0,605.0,,,,26.1,,,,,,,0.0,1.29,,,,,,,,,,,6.59,,,,,,749.0,5.0,5.0,1.66,20.0,3.3,,,,,1.51,0.0,,,5.3,2.31,,12.5
food_449,,,,,0.0,,,,,,,,,0.0,160.0,,,3.65,,0.0,1424.0,,0.0,,,,,,15.3,,,,,0.076,,0.0,,,,,,,25.0,,,,,,0.049,0.319,0.086,,,,,,,1.6,,97.0,97.0,97.0,0.0,,,,,,,,,,,,1.46,,,,,3555.0,0.0,,47.0,,,,,,,,0.001,,,,0.046,,0.0,,0.0,,,0.305,,,,,52.0,,,,,369.0,,2.58,0.13,,,,,0.17,,,,,0.0,,,,,,,0.002,,,0.0,,,,,,0.0,,0.0,,,0.0,0.086,0.3,,0.0,,0.003,,0.0,,0.07200000000000001,,0.004,,,,,0.0,0.0,0.0,27.0,,,,2.05,,,,,,,0.0,0.044,,,,,,,,,,,0.66,,,,,,119.0,0.0,0.0,0.073,15.0,0.0,,,,,0.43,0.0,,,108.6,91.71,,0.47
food_452,,,,,,,1.58,,,0.0,,,,,43.0,,3.0,5.1,,0.0,0.0,,,,,,,,,,,,,0.625,,0.0,,,,,,,80.0,,,,,,0.052000000000000005,0.433,0.065,0.0,,0.0,0.0,,,2.8,,9.0,9.0,9.0,0.0,0.0,0.0,,,0.6,,,,,,,12.18,,0.0,,,0.0,0.0,,19.0,,0.0,0.5870000000000001,,0.0,,0.0,0.002,0.002,0.0,,0.022,0.022,0.0,,0.0,0.0,0.003,2.252,,,0.44,,194.0,,,,,411.0,,3.12,0.215,,0.0,,0.215,0.0,,0.0,0.0,,0.0,,0.001,0.0,,0.0,,0.0,0.0,,0.0,,,,0.0,,0.0,,0.0,,,,0.205,2.2,,0.001,,0.0,,0.001,0.0,0.052000000000000005,0.0,0.009000000000000001,0.0,,0.0,0.001,,0.0,0.0,21.0,,0.0,0.0,0.6,,0.0,0.0,0.0,,0.0,,0.069,,,,,,,,,,,0.57,,,,,0.0,0.0,,,0.136,,5.1,206.0,5.1,0.0,,,,,,,89.61,,2.03
food_454,,,,,0.0,,,,,,,,,0.0,6.0,,,53.38,,40.0,61.0,,0.0,,,,,,14.6,,,,,0.18,,0.0,,,,,,,530.0,,,,,,8.763,17.672,4.245,,,,,,,10.0,,21.0,21.0,21.0,0.0,,,,,,,,,,,,2.19,,,,,995.0,0.0,,99.0,,,,,,,,0.037000000000000005,,,,8.677999999999999,,0.048,,0.0,,,1.584,,,,,246.0,,,,,226.0,,8.88,17.293,,,,,0.379,,,,,0.0,,,,,,,0.0,,,0.0,,,,,,0.0,,0.0,,,0.0,0.057,0.0,,0.0,,0.0,,0.006999999999999999,,3.479,,0.596,,,,,0.0,0.0,0.0,764.0,,,,0.6,,,,,,,0.0,0.071,,,,,,,,,,,32.53,,,,,,7.0,0.0,0.0,0.108,0.0,0.0,,,,,4.4,0.0,,,1.4,2.29,,2.11
food_455,,,,,,,0.675,,,,,0.0,,,41.90000000000001,,,,,,,,,,,,,,,,,,,0.043275,,,,,,,,,,,,,,,,,,,,,,,,2.665,,,,43.25,,,,,,,,,,,,,0.0,,,,,,,,10.85,,,0.0957,,,,,,,,,,,,,,,,0.7275,0.13,,,,29.975,,,,,247.0,,,,,,,,,,,,,,,,,,,,,,,,,,,,,,,,,,,0.1075,0.0,,,,,,,,,,,,,,,,,,60.55,,,,,,,,,,,,0.04125,,,,,,,,,,,0.105,,,,,,,,,0.1205,,,,,,,,,,,,89.525,,0.155
food_458,,,,0.247,,0.42,1.2,0.5429999999999999,,,,,,,2.0,,,37.6,,,,,0.0,,,,,,,,,,,0.274,,,,0.023,,,,,471.5,,,,,,0.619,0.618,0.319,,,,,,,,,54.0,54.0,54.0,0.0,,,,,,0.836,0.232,,0.102,,,1.0,0.209,,0.316,,,,0.206,27.0,,,0.113,0.055,,,,0.079,,,,0.512,,0.01,,,,,6.0,,,0.16,0.171,124.0,,,,,510.0,0.34700000000000003,4.32,0.578,,,,,0.021,,,,,,,,,,,,,,,,,,,,,,,,,,0.0,0.09,,0.29,,,,,0.006,,0.28800000000000003,,0.016,,,,,,,,7.0,,,,,,,,,,,,0.22,0.268,,,,,,,,,,1.68,,0.071,0.061,0.28300000000000003,558.0,28.0,0.0,,0.328,15.0,0.0,0.0,,,,,,,,,55.2,,0.34
food_462,,,,0.5489999999999999,,0.905,1.59,1.774,,,,,,,67.0,,,9.57,,,,,0.0,,,,,,,,,,,0.4270000000000001,,,,0.157,,,,,316.0,,,,,,1.518,3.783,0.929,0.0,,,,,,1.1,,172.0,172.0,172.0,0.0,,,,,,1.966,0.503,,0.348,,,2.1,0.58,,0.938,,,,0.752,72.0,,,0.7020000000000001,0.138,,,,0.013,,,,1.492,,0.013,,,,,1.148,,,0.929,0.6409999999999999,164.0,,,,,484.0,0.674,13.09,3.338,,,,,0.445,,,,,,,,,,,,,,,,,,,,,,,,,,0.0,0.118,0.6,0.6509999999999999,,,,,0.006999999999999999,,0.674,,0.249,,,,,,,,14.0,,,,,,,,,,,,0.34,0.503,,,,,,,,,,6.7,,0.159,0.477,0.62,11.0,1.0,0.0,,0.17600000000000002,15.3,0.0,0.0,,,,,,,,,69.05,,1.17
food_465,,,,,0.0,,,,,,,,,0.0,19.0,,,0.1,,0.0,0.0,,75.0,,,,,,82.0,,,,,0.052000000000000005,,0.0,,,,,,,161.0,,,,,,2.985,2.121,1.846,,,,,,,0.0,,17.0,17.0,17.0,0.0,,,,,,,,,,,,0.46,,,,,0.0,0.0,,49.0,,,,,,,,0.581,,,,2.275,,0.12,,0.0,,,4.878,,,,,257.0,,,,,423.0,,21.74,1.419,,,,,0.202,,,,,0.013,,,,,,,0.112,,,0.15,,,,,,0.105,,0.119,,,13.0,0.111,44.6,,0.0,,0.0,,0.06,,1.39,,0.369,,,,,0.0,0.0,0.0,381.0,,,,0.04,,,,,,,0.0,0.083,,,,,,,,,,,7.65,,,,,,13.0,2.75,0.0,0.331,0.5,0.9,,,,,2.02,0.0,,,4.6,68.46,,0.51
food_468,,,,1.001,0.0,3.013,2.61,3.073,,,,,,0.0,89.0,,,16.54,,0.0,0.0,,0.0,,,,,,,,,,,1.112,,0.0,,0.32299999999999995,,,,,1459.5,,,,,,25.58,14.877,6.434,0.0,,,,,,8.5,,239.0,239.0,239.0,0.0,,,,,,5.265,1.518,,0.637,,,2.55,0.8859999999999999,,1.633,,0.0,0.0,0.904,171.0,,,1.696,0.309,,,,0.053,,,,24.692,,0.544,,0.0,,,12.375,,,1.759,1.306,380.0,,,,,690.0,1.112,25.19,14.654000000000002,,,,,0.019,,,,,0.0,,,,,,,0.036000000000000004,,,0.0,,,,,,0.0,,0.0,,,0.0,0.131,7.1,1.241,0.039,,0.039,,0.013,,4.963,,1.267,,,,,0.0,0.0,0.039,10.0,,,,3.95,,,,,,,0.0,0.653,0.863,,,,,,,,,,48.75,,0.245,1.024,1.057,0.0,0.0,0.0,,0.34600000000000003,0.0,0.0,0.0,,,,6.56,,,,0.0,6.91,,4.43
food_471,,,,,,,0.7,,,,,,,,,,,0.0,,,,,,,,,,,,,,,,,,,,,,,,,731.0,,,,,,,,,,,,,,,,,,,,,,,,,,,,,,,,9.4,,,,,,,,,,,,,,,,,,,,,,,,,,,,,,,,125.0,,,,,,,16.3,,,,,,,,,,,,,,,,,,,,,,,,,,,,,,,,,0.32,,,,,,,,,,,,,,,,,,,,,,,,,,,,,,,0.08,,,,,,,,,,,24.1,,,,,550.0,,,,,,,,,,,,,,,,58.9,,
food_474,,,,0.034,,0.064,0.8,0.075,,,,,,,27.0,,,2.63,,,,,0.0,,,,,,,,,,,0.099,,,,0.009000000000000001,,,,,36.5,,,,,,0.016,0.045,0.03,0.0,,,,,,1.4,,14.0,14.0,14.0,0.0,,,,,,0.208,0.034,,0.021,,,0.8,0.048,,0.058,,,,0.055,9.0,,,0.033,0.01,,,,0.0,,,,0.016,,,,,,,0.3,,,0.184,0.036000000000000004,28.0,,,,,280.0,0.028,1.1,0.016,,,,,0.029,,,,,,,,,,,,,,,,,,,,,,,,,,0.0,0.02,0.7,0.033,,,,,0.0,,0.026,,0.004,,,,,,,,16.0,,,,,,,,,,,,0.03,0.045,,,,,,,,,,0.1,,0.006,0.021,0.051,0.0,0.0,0.0,,0.075,29.0,0.0,0.0,,,,,,,,,95.37,,0.13
food_476,,,,,0.0,,,,,,,,,0.0,17.0,,,0.0,,0.0,0.0,,74.0,,,,,,105.5,,,,,0.3,,0.0,,,,,,,142.0,,,,,,1.349,0.228,0.922,,,,,,,0.0,,5.0,5.0,5.0,0.0,,,,,,,,,,,,3.7,,,,,0.0,0.0,,0.0,,,,,,,,0.06,,,,1.23,,0.0,,0.0,,,3.917,,,,,199.0,,,,,402.0,,26.87,0.129,,,,,0.02,,,,,0.0,,,,,,,0.079,,,0.0,,,,,,0.0,,0.0,,,0.0,0.605,11.7,,0.0,,0.0,,0.04,,0.426,,0.426,,,,,0.0,0.0,0.0,408.0,,,,0.0,,,,,,,0.0,0.08900000000000001,,,,,,,,,,,3.0,,,,,,0.0,1.18,0.0,0.0,0.0,0.0,,,,,0.34,0.0,,,1.2,67.64,,5.23
food_481,,,,0.022,0.0,0.078,0.33,0.123,,,,,,0.0,12.0,,,8.41,,8.0,14.0,,0.0,,,,,,7.7,,,,,0.05,,3.0,,0.006999999999999999,,,,,85.5,,,,,,0.013,0.024,0.014,0.0,,,,,,1.1,,10.0,10.0,10.0,0.0,,,,,,0.17600000000000002,0.013,,0.006999999999999999,,,0.06,0.006999999999999999,,0.013,,10.0,0.0,0.017,9.0,,,0.013,0.006999999999999999,,,,0.001,,,,0.012,,0.0,,0.0,,,0.269,,,0.28300000000000003,0.041,8.0,,,17.0,,148.0,0.056,0.69,0.019,,,,,0.005,,,,,0.0,,,,,,,0.0,,,0.0,,,,,,0.0,,0.0,,,0.0,0.02,1.4,0.025,0.0,,0.0,,0.0,,0.012,,0.001,,,,,0.0,0.0,0.0,0.0,,,,7.31,,,,,,,0.0,0.037000000000000005,0.012,,,,,,,,,,0.1,,0.006999999999999999,0.006999999999999999,0.014,33.0,2.0,0.0,0.0,0.043,33.3,0.0,0.0,,,,0.13,0.0,,,0.0,90.48,,0.07
food_485,,,,,,,,,,,,,,,,,,,,0.0,6580.0,,,,,,,,,,,,,,,0.0,,,,,,,,,,,,,,,,,,,,,,,,,,,,,,,,,,,,,,,,,,,,3360.0,0.0,,,,,,,,,,,,,,,,,,,,,,,,,,,0.0,0.0,,,,,,,,,,,,,,,,,,,,,,,,,,,,,,,,,,,,,,,,,,,,,,,,,,,,,,,,,,,,,,,,,,,,,,,,,,,,,,,,,,,,,,,,,,,,,,,,,,,,,,,
food_489,,,,0.396,0.0,0.701,0.72,1.043,,,,,,0.0,350.0,,,1.87,,,,,0.0,,,,,,28.8,,,,,0.193,,,,0.029,,,,,196.5,,,,,,1.056,2.699,0.691,0.0,,,,,,0.3,,15.0,15.0,15.0,0.0,,,,,,1.6840000000000002,0.375,,0.221,,,5.36,0.435,,0.713,,,,0.452,30.0,,,0.605,0.108,,,,0.013,,,,1.043,,0.0,,0.0,,,0.195,,,0.068,0.428,97.0,,,,,121.0,0.555,8.08,2.38,,,,,0.319,,,,,0.0,,,,,,,0.0,,,0.0,,,,,,0.0,,0.0,,,,0.052000000000000005,8.9,0.519,0.0,,0.0,,0.013,,0.507,,0.171,,,,,0.0,0.0,0.0,7.0,,,,0.62,,,,,,,0.0,0.081,0.402,,,,,,,,,,4.78,,0.12,0.359,0.446,85.0,,0.0,0.0,0.047,0.1,0.0,0.0,,,,0.01,0.0,,,2.4,84.55,,0.8
food_490,,,,,0.0,,,,,,,,,0.0,40.0,,,5.8,,33.0,42.0,,0.0,,,,,,10.7,,,,,0.019,,0.0,,,,,,,25.0,,,,,,0.017,0.017,0.034,,,,,,,2.5,,43.0,43.0,43.0,0.0,,,,,,,,,,,,0.47,,,,,30.0,0.0,,12.0,,,,,,,,0.0,,,,0.017,,0.0,,0.0,,,0.234,,,,,26.0,,,,,170.0,,1.28,0.017,,,,,0.0,,,,,0.0,,,,,,,0.0,,,0.0,,,,,,0.0,,0.0,,,0.0,0.04,0.3,,0.0,,0.0,,0.0,,0.034,,0.0,,,,,0.0,0.0,0.0,18.0,,,,3.2,,,,,,,0.0,0.061,,,,,,,,,,,0.1,,,,,,5.0,0.0,0.0,0.124,36.6,0.0,,,,,0.15,0.0,,,76.0,92.18,,0.18
food_493,,,,,,,,,,,,,,,,,,,,0.0,41.0,,,,,,,,,,,,,,,0.0,,,,,,,,,,,,,,,,,,,,,,,,,,,,,,,,,,,,,,,,,,,,123.0,0.0,,,,,,,,,,,,,,,,,,,,,,,,,,,,,,,,,,,,,,,,,,,,,,,,,,,,,,,,,,,,,,,,,,,,,,,,,,,,,,,,,,,,,,,,,,,,,,,,,,,,,,,,,,,,,,,,,,,,,,,,,,,,,,,,,,,
food_498,,,,0.109,0.0,0.08800000000000001,1.58,0.236,,76.0,0.7,,,0.0,12.0,,5.0,8.53,,24.0,62.0,,0.0,,,,,,14.2,,,,,0.19,,28.0,,0.027000000000000003,,,,,415.0,,,,,,9.799,1.816,2.126,0.0,,,,,,6.7,7.0,81.0,81.0,81.0,0.0,0.12,0.1,,,0.37,0.287,0.104,,0.049,,,0.55,0.084,0.0,0.14300000000000002,,271.0,0.0,0.132,29.0,,0.0,0.142,0.038,0.0,,0.0,0.698,,0.01,,9.066,,0.025,,0.0,,,1.7380000000000002,,,1.389,0.097,52.0,,,,,485.0,0.098,2.0,1.6740000000000002,,,,,0.125,,0.111,0.015,,0.0,,0.0,0.016,,,,0.0,,,0.0,,,,,,0.0,,0.0,,,0.0,0.13,0.4,0.114,0.0,,0.0,,0.0,0.0,2.075,0.0,0.049,0.0,,0.0,0.0,0.0,0.0,0.001,7.0,0.11,2.0,0.06,0.66,,,,,,,0.0,0.067,0.073,0.05,0.02,0.33,0.01,0.0,0.0,0.0,,,14.66,,0.025,0.049,0.107,146.0,7.0,0.0,0.0,0.257,10.0,0.0,0.0,,,,2.07,0.0,0.0,,21.0,73.23,,0.64
food_504,,,,,0.0,,,,,,,,,0.0,21.0,,,0.86,,0.0,610.0,,1.0,,,,,,10.2,,,,,0.0,,0.0,,,,,,,533.0,,,,,,19.348,26.477,12.086,,,,,,,0.0,,1.0,1.0,1.0,0.0,,,,,,,,,,,,0.0,,,,,0.0,0.0,,2.0,,,,,,,,0.054000000000000006,,,,19.066,,0.194,,0.0,,,0.016,,,,,16.0,,,,,30.0,,0.17,23.736,,,,,2.715,,,,,0.0,,,,,,,0.0,,,0.0,,,,,,0.005,,0.0,,,768.0,0.026,0.0,,0.07200000000000001,,0.2,,0.16399999999999998,,6.359,,4.756,,,,,0.014,0.006,0.009000000000000001,674.0,,,,0.0,,,,,,,0.0,0.006999999999999999,,,,,,,,,,,59.81,,,,,,819.0,0.0,0.0,3.75,0.1,3.7,,,,,21.12,0.0,,,101.3,37.58,,0.0
food_506,,,,,,,0.38,,,,0.3,,,,180.0,,,10.17,,,,,,,,,,,4.3,,,,,0.019,,,,,,,,,109.0,,,,,,,,,,,,,,,5.3,,,,,,0.21,0.0,,,0.44,,,,,,,0.2,,0.0,,,,,,69.0,,0.0,0.583,,,,,,,,,,,,,,,,0.293,,,,,11.0,,,,,130.0,,0.12,,,,,,,,,,,,,,,,,,,,,,,,,,,,,,,,,0.032,0.1,,,,,,,,,,,,,,,,,,4.0,,,0.38,1.02,,,,,,,,0.008,,,,,,,,,,,0.11,,,,,,,,,0.079,11.0,,,,,,,,0.0,0.0,2.9,89.22,,0.14
food_509,,,,,0.0,,,,,,,,,0.0,16.0,,,0.1,,0.0,0.0,,73.0,,,,,,68.5,,,,,0.05,,0.0,,,,,,,162.0,,,,,,3.95,2.398,1.635,,,,,,,0.0,,17.0,17.0,17.0,0.0,,,,,,,,,,,,0.86,,,,,0.0,0.0,,43.0,,,,,,,,0.512,,,,3.302,,0.081,,0.028,,,9.639,,,,,258.0,,,,,349.0,,19.73,1.446,,,,,0.314,,,,,0.156,,,,,,,0.076,,,0.237,,,,,,0.055,,0.114,,,231.0,0.081,15.4,,0.0,,0.0,,0.188,,1.205,,0.214,,,,,0.0,0.0,0.0,379.0,,,,0.04,,,,,,,0.0,0.077,,,,,,,,,,,8.71,,,,,,231.0,2.42,0.0,0.221,0.5,12.6,,,,,1.06,0.0,,,4.6,66.65,,0.51
food_511,,,,,,,0.49,,,,,5.22,,,6.08,,,,,,,,,,,,,,,,,,,0.0808,,,,,,,,,,,,,,,,,,,,,,,,1.81,,,,,,,,,,,,,,,,,0.722,,,,,,,,17.4,,,0.197,,,,,,,,,,,,,,,,1.665,0.22,,,,40.3,,,,,240.0,,,,,,,,,,,,,,,,,,,,,,,,,,,,,,,,,,,0.15,2.7,,,,,,,,,,,,,,,,,,0.0,,,,,,,,,,,,0.111,,,,,,,,,,,0.14,,,,,,,,,0.645,210.0,,,,,,,,,,,86.435,,0.376
food_514,,,,,0.0,,,,,,,,,0.0,5.0,,,20.45,,0.0,8.0,,3.0,,,,,,14.1,,,,,0.204,,0.0,,,,,,,125.0,,,,,,1.524,1.307,1.202,,,,,,,1.4,,9.0,9.0,9.0,0.0,,,,,,,,,,,,0.34,,,,,0.0,0.0,,24.0,,,,,,,,0.024,,,,1.487,,0.013,,0.0,,,1.324,,,,,48.0,,,,,372.0,,1.87,1.148,,,,,0.158,,,,,0.0,,,,,,,0.0,,,0.0,,,,,,0.0,,0.0,,,17.0,0.021,0.3,,0.037000000000000005,,0.041,,0.108,,0.621,,0.271,,,,,0.046,0.029,0.017,167.0,,,,1.61,,,,,,,0.0,0.1,,,,,,,,,,,4.24,,,,,,18.0,0.0,0.0,0.312,12.1,0.0,,,,,0.52,0.0,,,4.1,72.09,,0.28
food_517,,,,1.088,,1.652,3.39,2.881,,,,,,,85.0,,,59.64,,,,,0.0,,,,,,,,,,,1.0590000000000002,,,,0.263,,,,,889.0,,,,,,0.173,0.889,0.542,0.0,,,,,,10.7,,639.0,639.0,639.0,0.0,,,,,,4.518,0.985,,0.74,,,9.95,0.969,,1.828,,,,1.614,333.0,,,1.544,0.34,,,,0.006,,,,0.14400000000000002,,0.002,,0.019,,,2.795,,,1.511,1.393,438.0,,,,,1375.0,1.072,23.85,0.563,,,,,0.326,,,,,,,,,,,,,,,,,,,,,,,,,,0.0,0.17,9.1,1.194,,,0.001,,0.004,,0.417,,0.087,,,,,,,,58.0,,,,,,,,,,,,0.68,0.908,,,,,,,,,,2.07,,0.294,0.7709999999999999,1.137,33.0,2.0,0.0,,0.361,1.5,0.0,0.0,,,,,,,,,11.05,,6.11
food_520,,,,0.024,0.0,0.044,0.38,0.041,,,0.1,,,0.0,16.0,,,3.63,,11.0,45.0,,0.0,,,,,,6.0,,,,,0.041,,26.0,,0.004,,,,,40.0,,,,,,0.005,0.032,0.037000000000000005,0.0,,,,,,0.5,1.3,7.0,7.0,7.0,0.0,0.87,0.0,,,0.76,0.196,0.024,,0.01,,,0.28,0.021,0.0,0.029,,23.0,0.0,0.029,13.0,,0.01,0.079,0.006,0.0,,0.0,0.0,,0.0,,0.005,,0.0,,0.0,,,0.098,,,0.259,0.019,24.0,,,14.0,,147.0,0.015,0.65,0.028,,,,,0.005,,,,,0.0,,0.0,0.0,,,,0.0,,,0.0,,,,,,0.0,,0.0,,,0.0,0.033,0.3,0.02,0.0,,0.0,,0.005,0.0,0.028,0.0,0.005,0.0,,0.0,0.0,0.0,0.0,0.0,2.0,0.83,,0.03,1.67,,,,,,,0.0,0.027000000000000003,0.019,0.01,0.0,0.03,0.04,0.0,0.0,0.0,,,0.11,,0.005,0.011,0.022,105.0,5.0,0.0,0.0,0.04,2.8,0.0,0.0,,,,0.03,0.0,0.0,,16.4,95.23,,0.2
food_523,,,,,0.0,,,,,,,,,0.0,32.0,,,17.19,,2157.0,5141.0,,9.0,,,,,,14.3,,,,,0.07,,1.0,,,,,,,208.0,,,,,,3.494,9.312,2.454,,,,,,,2.4,,14.0,14.0,14.0,0.0,,,,,,,,,,,,0.48,,,,,162.0,1.0,,13.0,,,,,,,,0.02,,,,3.412,,0.049,,0.005,,,0.72,,,,,40.0,,,,,308.0,,1.25,8.162,,,,,1.132,,,,,0.0,,,,,,,0.01,,,0.0,,,,,,0.0,,0.001,,,3.0,0.058,0.6,,0.001,,0.0,,0.012,,1.662,,0.644,,,,,0.001,0.0,0.0,178.0,,,,12.04,,,,,,,0.0,0.059,,,,,,,,,,,15.67,,,,,,521.0,0.02,0.0,0.114,6.1,0.0,,,,,1.11,0.0,,,42.4,64.65,,0.23
food_527,,,,,,,0.535,,,,,0.0,,,10.17,,,20.196825,,,,,,,,,,,,,,,,0.08081,,,,,,,,,,85.919,77.151876,,,,,,,,,,,,,,,,,,,9.167,0.0,,,8.174,,,,,,,0.1615,,0.0,,,,,,8.556000000000001,,0.0,0.09758,,,,,,,,,,,,,,,,,0.1463,,,,24.86,,,,,229.4,,0.914375,,,,,,,,,,,,,,,,,,,,,,,,,,,,,,,,,,,,,,,,,,,,,,,,,,,,6.999,,,0.0,,17.340999999999998,,,,,,,,,,,,,,,,,,0.1638,,,,,,,,,,3.3080000000000003,,,,,,,,,,,78.19,,0.03603
food_530,,,,,0.0,,1.8,,,,,,,0.0,11.0,,,0.0,,0.0,0.0,,,,,,,,,,,,,,,0.0,,,,,,,703.0,,,,,,,,,,,,,,,0.0,,,,,,0.0,0.0,,,0.0,,,,,,,2.8,,0.0,,,0.0,0.0,,,,0.0,,,,,,,,,,,,,,,,,,,,,,153.0,,,,,,,19.0,,,,,,,,,,,,,,,,,,,,,,,,,,,,,,,,279.0,,,,,,,,,,,,,,,,,,,,,0.0,,0.0,0.0,,,,,,,0.0,,,,,,,,,,,,21.7,,,,,930.0,279.0,,,,0.0,,,,,,,,,,,57.5,,
food_534,,,,0.033,0.0,0.039,0.58,0.115,,,,,,0.0,12.0,,,6.7,,16.0,465.0,,0.0,,,,,,7.7,,,,,0.115,,34.0,,0.015,,,,,76.0,,,,,,0.024,0.24,0.046,0.0,,,,,,1.0,,53.0,53.0,53.0,0.0,,,,,,0.106,0.03,,0.016,,,0.46,0.026,,0.042,,502.0,0.0,0.036000000000000004,16.0,,,0.204,0.01,,,,0.0,,,,0.024,,0.0,,0.0,,,1.092,,,0.205,0.025,29.0,,,,,202.0,0.035,0.8,0.229,,,,,0.011,,,,,0.0,,,,,,,0.0,,,0.0,,,,,,0.0,,0.0,,,0.0,0.055,0.3,0.032,0.0,,0.0,,0.002,,0.033,,0.006999999999999999,,,,,0.0,0.0,0.0,1.0,,,,3.53,,,,,,,0.0,0.079,0.03,,,,,,,,,,0.41,,0.01,0.017,0.034,816.0,41.0,0.0,,0.517,92.9,0.0,0.0,,,,0.48,,,,9.9,91.51,,0.3
food_540,,,,,0.0,,0.83,,,,,,,0.0,84.0,,,4.31,,,,,0.0,,,,,,,,,,,0.051,,,,,,,,,127.0,,,,,,0.25,0.18600000000000005,0.238,0.0,,,,,,,,66.0,66.0,66.0,0.0,,,,,,,,,,,,1.5,,,,,,,,34.0,,,0.218,,,,,,,,,0.248,,,,0.002,,,0.9,,,0.059,,37.0,,,,,223.0,,6.95,0.16399999999999998,,,,,0.023,,,,,,,,,,,,,,,,,,,,,,,,,,0.0,0.1,1.5,,,,,,0.001,,0.066,,0.038,,,,,,,,4.0,,,,,,,,,,,0.0,0.14,,,,,,,,,,,0.87,,,,,128.0,,0.0,,0.113,18.3,0.0,0.0,,,,,,,,,87.04,,0.39
food_542,,,,,0.0,,0.21,,,,,,,0.0,5.0,,,9.84,,0.0,27.0,,,,,,,,,,,,,0.222,,0.0,,,,,,,135.5,,,,,,,,,,,,,,,3.2,,11.0,11.0,11.0,0.0,1.95,0.0,,,1.69,,,,,,,0.21,,0.0,,,,0.0,,4.0,,0.0,0.287,,,,,,,,,,,,,,,,0.314,,,1.258,,11.0,,,,,75.0,,0.84,,,,,,,,,,,,,,,,,,,,,,,,,,,,,,,,0.0,0.14400000000000002,,,,,,,,,,,,,,,,,,,6.0,0.0,,0.01,3.65,,,,,,,0.0,0.06,,0.02,0.02,0.05,0.02,0.0,0.0,0.08,,,1.07,,,,,46.0,5.0,0.0,0.0,0.039,4.7,,,,,,0.91,0.0,0.0,0.0,5.9,88.05,,0.15
food_547,,,,0.35600000000000004,,0.611,1.0,1.433,,,,,,,25.0,,,22.14,,,,,0.0,,,,,,,,,,,0.35200000000000004,,,,0.334,,,,,275.0,,,,,,0.104,0.219,0.057,0.0,,,,,,,,100.0,100.0,100.0,0.0,,,,,,1.258,0.319,,0.257,,,3.21,0.326,,0.628,,,,0.7120000000000001,37.0,,,0.506,0.105,,,,,,,,0.104,,,,,,,1.128,,,0.578,0.442,173.0,,,,,322.0,0.35600000000000004,8.96,0.181,,,,,0.038,,,,,,,,,,,,,,,,,,,,,,,,,,0.0,0.128,0.6,0.495,,,,,,,0.052000000000000005,,0.006,,,,,,,,11.0,,,,,,,,,,,,0.228,0.328,,,,,,,,,,0.55,,,0.252,0.399,45.0,2.0,0.0,,0.19,16.5,0.0,0.0,,,,,,,,,67.34,,1.51
food_550,,,,,0.0,,,,,,,,,0.0,73.0,,,17.45,,0.0,46.0,,0.0,,,,,,5.5,,,,,0.018000000000000002,,0.0,,,,,,,71.0,,,,,,0.035,0.08900000000000001,0.047,,,,,,,1.6,,4.0,4.0,4.0,0.0,,,,,,,,,,,,0.2,,,,,129.0,0.0,,11.0,,,,,,,,0.001,,,,0.033,,0.0,,0.0,,,0.242,,,,,13.0,,,,,233.0,,0.81,0.08900000000000001,,,,,0.0,,,,,0.0,,,,,,,0.0,,,0.0,,,,,,0.0,,0.0,,,0.0,0.028,1.1,,0.0,,0.0,,0.001,,0.041,,0.004,,,,,0.0,0.0,0.0,4.0,,,,14.4,,,,,,,0.0,0.014,,,,,,,,,,,0.22,,,,,,4.0,0.0,0.0,0.02,5.7,0.0,,,,,0.24,0.0,,,26.3,80.83,,0.09
food_553,,,,,,,1.92,,,,,,,,128.0,,,23.54,,0.0,21.0,,0.0,,,,,,,,,,,0.155,,0.0,,,,,,,282.5,,,,,,,,,0.0,,,,,,7.8,,18.0,18.0,18.0,0.0,,,,,,,,,,,,1.03,,,,,,,,69.0,,,0.391,,,,,,,,,,,,,,,,0.743,,,0.203,,80.0,,,,,568.0,,4.8,,,,,,,,,,,,,,,,,,,,,,,,,,,,,,,,0.0,0.114,,,,,,,,,,,,,,,,,,,17.0,,,,,,,,,,,,0.131,,,,,,,,,,,0.63,,,,,35.0,2.0,0.0,,0.274,41.9,0.0,0.0,,,,,,,,,69.11,,1.62
food_555,,,,,0.0,,1.13,,,,0.2,,,,44.0,,,10.51,,0.0,8.0,,0.0,,,,,,34.4,,,,,0.231,,0.0,,,,,,,122.0,,,,,,0.005,0.064,0.036000000000000004,0.0,,,,,,5.4,,68.0,68.0,68.0,0.0,,,,,,,,,,,,1.28,,,,,464.0,0.0,,60.0,,,0.256,,,,,0.0,,,,0.005,,0.0,,0.0,,,1.046,,,0.338,,90.0,,,,,370.0,,3.27,0.046,,,,,0.017,,,,,0.0,,,,,,,0.0,,,0.0,,,,,,0.0,,0.0,,,0.0,0.066,0.2,,0.0,,0.002,,0.002,,0.029,,0.003,,,,,0.0,0.0,0.0,94.0,,,,0.99,,,,,,,,0.07200000000000001,,,,,,,,,,,0.15,,,,,13.0,1.0,0.0,,0.116,11.7,0.0,0.0,,,,0.19,,,,14.8,84.94,,0.49
food_558,,,,0.147,0.0,0.163,1.54,0.262,,,0.3,,,0.0,254.0,,,4.42,,0.0,2870.0,,0.0,,,,,,0.5,,,,,0.053,,27.0,,0.038,,,,,91.5,,,,,,0.104,0.6729999999999999,0.17800000000000002,0.0,,,,,,4.1,,62.0,62.0,62.0,0.0,0.4,0.0,,,0.4,0.331,0.141,,0.172,,,1.6,0.175,0.0,0.205,,6260.0,0.0,0.175,32.7,,0.0,0.92,0.029,,,,0.0,,,,0.104,,0.0,,0.0,,,1.18,0.47,,0.37,0.15,55.0,,,,,348.0,0.174,2.92,0.29100000000000004,,,,,0.378,,,,,0.0,,,,,,,0.003,,,0.0,,,,,,0.0,,0.0,,,0.0,0.34700000000000003,0.9,0.123,0.0,,0.006,,0.006,,0.158,,0.006,,,,,0.0,0.0,0.0,53.0,,,0.0,0.99,0.8,,,,,,0.0,0.113,0.131,0.0,0.0,0.14,0.0,0.0,0.0,0.0,,,1.49,,0.035,0.103,0.159,4812.0,241.0,0.0,0.0,0.147,93.4,0.0,0.0,,,,0.66,0.0,0.0,0.0,390.0,89.6,,0.39
food_561,,,,,,,0.42895,,,,,,,,5.9875,,,15.67558125,15.405,,,,,,,,,,,,,,,0.032895,,,,,,,,,168.0,64.6609,58.20306,,,,,,,,,,,,,2.0875000000000004,,,,0.0,,8.495000000000001,,,,2.824,,,,,,,0.0175,,0.0,,,,,,4.6850000000000005,,0.0,0.032815,,,,,,,,,,,,,,,,0.09081499999999999,0.021875,,,,9.89,,,,,103.9,,0.14921875,,,,,,,,,,,,,,,,,,,,,,,,,,,,,,,,,0.06775,,,,,,,,,,,,,,,,,,,1.0065,,,1.6469999999999998,13.33,12.966,,,,,,,0.006125,,,,,,,,,,,0.16125,,,,,,,,,0.03572,,,,,,,,,,,,83.60499999999998,,0.01838
food_565,,,,,0.0,,,,,,,,,0.0,12.0,,,11.36,,0.0,0.0,,0.0,,,,,,6.8,,,,,0.07200000000000001,,0.0,,,,,,,64.0,,,,,,0.332,0.386,0.18600000000000005,,,,,,,1.7,,4.0,4.0,4.0,0.0,,,,,,,,,,,,0.68,,,,,27.0,0.0,,24.0,,,,,,,,0.002,,,,0.331,,0.0,,0.0,,,0.17,,,,,65.0,,,,,58.0,,2.21,0.369,,,,,0.017,,,,,0.0,,,,,,,0.0,,,0.0,,,,,,0.0,,0.0,,,0.0,0.023,4.8,,0.0,,0.003,,0.002,,0.158,,0.01,,,,,0.0,0.0,0.0,70.0,,,,0.17,,,,,,,0.0,0.062,,,,,,,,,,,1.09,,,,,,0.0,0.0,0.0,0.015,0.0,0.0,,,,,0.07,0.0,,,0.3,84.77,,0.62
food_567,,,,,0.0,,,,,,,,,0.0,0.0,,,11.99,,0.0,0.0,,0.0,,,,,,0.0,,,,,0.0,,0.0,,,,,,,51.0,,,,,,0.0,0.0,0.0,,,,,,,0.7,,0.0,0.0,0.0,0.0,,,,,,,,,,,,0.0,,,,,0.0,0.0,,0.0,,,,,,,,0.0,,,,0.0,,0.0,,0.0,,,0.0,,,,,0.0,,,,,0.0,,0.8,0.0,,,,,0.0,,,,,0.0,,,,,,,0.0,,,0.0,,,,,,0.0,,0.0,,,0.0,0.0,0.5,,0.0,,0.0,,0.0,,0.0,,0.0,,,,,0.0,0.0,0.0,210.0,,,,0.01,,,,,,,0.0,0.0,,,,,,,,,,,0.0,,,,,,0.0,0.0,0.0,0.0,0.0,0.0,,,,,0.0,0.0,,,0.0,87.0,,0.0
food_571,,,,,,,0.4,,,,0.1,,,,30.0,,,12.02,,,,,,,,,,,14.0,,,,,0.043,,,,,,,,,122.5,,,,,,,,,0.0,,,,,,1.7,,24.0,24.0,24.0,0.0,1.64,0.0,,,1.59,,,,,,,0.14,,0.0,,,,,,10.0,,0.0,0.023,,,,,,,,,,,,,,,,0.636,,,0.151,,21.0,,,,,177.0,,0.85,,,,,,,,,,,,,,,,,,,,,,,,,,,,,,,,,0.03,0.1,,,,,,,,,,,,,,,,,,1.0,0.0,,5.96,9.18,,,,,,,,0.086,,0.0,0.0,0.0,0.0,0.0,0.0,0.0,,,0.15,,,,,,,,,0.075,48.8,0.0,0.0,,,,0.2,,0.0,,0.0,86.58,,0.06
food_573,,,,0.156,0.0,0.142,0.88,0.345,,,,,,0.0,33.0,,,6.09,,0.0,93.0,,0.0,,,,,,57.1,,,,,0.041,,0.0,,0.034,,,,,80.5,,,,,,0.028,0.133,0.047,0.0,,,,,,3.2,,57.0,57.0,57.0,0.0,,,,,,0.393,0.095,,0.059,,,0.73,0.112,,0.172,,42.0,0.0,0.158,20.0,,,0.247,0.042,,,,0.004,,,,0.023,,0.001,,0.001,,,0.7340000000000001,,,0.696,0.105,62.0,,,,,300.0,0.127,2.95,0.029,,,,,0.104,,,,,0.0,,,,,,,0.0,,,0.0,,,,,,0.0,,0.0,,,0.0,0.102,0.6,0.154,0.0,,0.0,,0.0,,0.038,,0.004,,,,,0.0,0.0,0.0,23.0,,,,3.03,,,,,,,0.0,0.08,0.107,,,,,,,,,,0.3,,0.039,0.064,0.14800000000000002,155.0,8.0,0.0,0.0,0.222,88.1,0.0,0.0,,,,0.04,0.0,,,20.2,89.79,,0.64
food_580,,,,0.042,,0.069,0.72,0.119,,,,,,,47.0,,,5.37,,,,,0.0,,,,,,,,,,,0.023,,,,0.01,,,,,62.0,,,,,,0.013,0.087,0.023,0.0,,,,,,2.3,,57.0,57.0,57.0,0.0,,,,,,0.27,0.027000000000000003,,0.025,,,0.56,0.061,,0.063,,,,0.057,15.0,,,0.159,0.012,,,,0.0,,,,0.013,,,,,,,0.3,,,0.14,0.039,23.0,,,11.0,,246.0,0.238,1.21,0.035,,,,,0.046,,,,,,,,,,,,0.0,,,,,,,,,,,,,,0.0,0.03,0.9,0.071,0.0,,0.001,,0.001,,0.019,,0.001,,,,,,,0.0,18.0,,,,,,,,,,,,0.05,0.042,,,,,,,,,,0.18,,0.012,0.021,0.052000000000000005,126.0,6.0,0.0,,0.095,42.0,0.0,0.0,,,,,,,,,92.52,,0.18
food_585,,,,,0.0,,1.15,,,,,,,0.0,3.0,,,31.89,,438.0,457.0,,0.0,,,,,,13.5,,,,,0.07400000000000001,,0.0,,,,,,,316.0,,,,,,0.0,0.0,0.0,0.0,,0.0,0.0,,,1.7,,22.0,22.0,22.0,0.0,8.64,0.0,,,8.69,,,,,,,0.55,,0.0,,,30.0,0.0,,36.0,,0.0,0.14400000000000002,,0.0,,0.0,0.0,0.0,0.0,,0.0,0.0,0.0,,0.0,0.0,0.0,0.672,,,0.3,,32.0,,,,,487.0,,1.3,0.0,,0.0,,0.0,0.0,,0.0,0.0,0.0,0.0,,0.0,0.0,,0.0,,0.0,0.0,,0.0,,,,0.0,,0.0,,0.0,,,0.0,0.076,1.5,,0.0,,0.0,,0.0,0.0,0.0,0.0,0.0,0.0,,0.0,0.0,0.0,0.0,0.0,4.0,12.0,,0.18,17.51,,0.0,0.0,0.0,,0.0,0.0,0.062,,,,,,,,,,,0.35,,,,,1127.0,56.0,0.0,0.0,0.242,18.4,0.0,0.0,,,,0.0,0.0,0.0,0.0,28.8,65.2,,0.19
food_586,,,,,0.0,,,,,,,,,0.0,59.0,,,2.72,,0.0,0.0,,40.0,,,,,,65.0,,,,,2.858,,0.0,,,,,,,51.0,,,,,,0.253,0.528,0.474,,,,,,,0.0,,7.0,7.0,7.0,0.0,,,,,,,,,,,,4.61,,,,,0.0,0.0,,18.0,,,,,,,,0.052000000000000005,,,,0.168,,0.028,,0.001,,,0.925,,,,,97.0,,,,,156.0,,5.71,0.041,,,,,0.084,,,,,0.048,,,,,,,0.022,,,0.177,,,,,,0.01,,0.136,,,13.0,0.09,19.7,,0.0,,0.001,,0.05,,0.319,,0.066,,,,,0.0,0.0,0.0,85.0,,,,0.62,,,,,,,0.0,0.018000000000000002,,,,,,,,,,,1.71,,,,,,13.0,8.75,0.0,0.031,0.0,0.0,,,,,0.85,0.0,,,1.0,89.04,,39.3
food_590,,,,,0.0,,,,,,,,,0.0,57.0,,,0.0,,0.0,0.0,,60.0,,,,,,65.0,,,,,0.092,,0.0,,,,,,,158.0,,,,,,3.736,2.133,2.04,,,,,,,0.0,,10.0,10.0,10.0,0.0,,,,,,,,,,,,1.1,,,,,0.0,0.0,,32.0,,,,,,,,0.622,,,,1.516,,0.721,,0.84,,,3.217,,,,,236.0,,,,,327.0,,17.96,0.13,,,,,0.103,,,,,0.214,,,,,,,0.06,,,0.7090000000000001,,,,,,0.055,,0.862,,,28.0,0.233,36.5,,0.005,,0.012,,0.5539999999999999,,1.3530000000000002,,0.109,,,,,0.0,0.0,0.0,90.0,,,,0.0,,,,,,,0.0,0.092,,,,,,,,,,,9.04,,,,,,28.0,13.67,0.0,0.302,0.7,4.2,,,,,1.07,0.0,,,0.1,72.05,,0.99
